ID,score,decisao,persona,prev_accepted,Recency,Response
7872,0.9994012931125903,contatar,Premium,3,7,1
10089,0.9992467731397751,contatar,Premium,4,5,1
3520,0.9988613059319011,contatar,Premium,4,94,1
2535,0.9984057739564829,contatar,Premium,3,24,1
1509,0.9973499768438987,contatar,Premium,4,80,1
3725,0.9964618496313019,contatar,Premium,4,1,1
3009,0.9938651290328749,contatar,Intermediário,3,8,1
6906,0.9919462058411856,contatar,Premium,3,73,1
7381,0.991100637527518,contatar,Premium,3,10,1
9058,0.9897576209427152,contatar,Premium,3,65,1
10446,0.9861497749523235,contatar,Premium,3,58,1
3138,0.9858276811541378,contatar,Premium,4,84,1
1501,0.9811925285782508,contatar,Premium,0,21,0
10473,0.9781822073843109,contatar,Premium,2,38,1
9493,0.9733167806978571,contatar,Premium,2,15,1
4947,0.9690968303853369,contatar,Premium,2,44,1
3667,0.9684460899323838,contatar,Premium,3,20,1
830,0.9683893714961382,contatar,Premium,2,5,1
10749,0.9642088953190718,contatar,Econômico,0,62,0
10176,0.9623726316127241,contatar,Intermediário,2,44,1
7627,0.9528568167787963,contatar,Premium,2,25,1
1772,0.9515282154208121,contatar,Premium,2,2,1
4656,0.950827541100509,contatar,Intermediário,1,28,0
7832,0.950685081105832,contatar,Premium,3,30,1
8545,0.9489900054487288,contatar,Premium,4,6,1
2798,0.947096649362258,contatar,Premium,3,54,1
6299,0.9469372937914569,contatar,Intermediário,1,28,1
569,0.9459364790126455,contatar,Premium,3,32,1
2114,0.9366342793498681,contatar,Premium,2,23,1
5067,0.9363104843526504,contatar,Premium,4,11,0
737,0.9361213965462885,contatar,Premium,3,56,0
7962,0.9314265630795763,contatar,Premium,2,1,1
3174,0.9313740609569556,contatar,Premium,4,61,1
5758,0.9296734475934804,contatar,Premium,4,23,1
3619,0.9281826189810344,contatar,Premium,1,19,1
4856,0.9271936022689099,contatar,Premium,2,38,1
3584,0.9238119998855151,contatar,Premium,1,35,1
5848,0.9213990030354233,contatar,Premium,3,43,1
10430,0.9200105033376336,contatar,Intermediário,3,22,0
195,0.9184143026528615,contatar,Econômico,1,21,1
8346,0.9181108669404343,contatar,Econômico,1,26,1
6072,0.917986582399403,contatar,Premium,1,16,1
5386,0.9112411786550186,contatar,Premium,3,62,1
477,0.910544599362628,contatar,Premium,4,31,1
1139,0.9103464275994619,contatar,Premium,3,56,1
4692,0.9069318860740274,contatar,Econômico,1,19,1
2186,0.900139867762066,contatar,Premium,3,30,1
9984,0.8995614444350644,contatar,Intermediário,2,25,1
5236,0.8961072292622774,contatar,Premium,3,30,0
10133,0.8951408575520482,contatar,Premium,3,16,1
2968,0.8917411287518411,contatar,Premium,1,53,1
10909,0.888661196684861,contatar,Premium,2,9,0
9010,0.8884669789925501,contatar,Premium,3,80,1
7999,0.8882802459748212,contatar,Premium,2,17,1
2574,0.8851323839204392,contatar,Intermediário,3,27,1
6815,0.883578774417553,contatar,Premium,3,4,1
2715,0.8788720195020305,contatar,Econômico,0,11,1
1665,0.8731950346835713,contatar,Intermediário,3,71,1
158,0.8707232126620277,contatar,Premium,1,3,1
1891,0.8690230181722013,contatar,Premium,0,12,1
2894,0.8680092194217147,contatar,Premium,3,74,1
10971,0.8655200776489951,contatar,Econômico,1,28,1
340,0.8649533294853997,contatar,Intermediário,1,1,1
3762,0.8616346783338683,contatar,Premium,1,30,1
5341,0.8604485450538206,contatar,Intermediário,1,2,0
7431,0.8579437325273112,contatar,Intermediário,1,40,1
4580,0.8555038669746556,contatar,Premium,3,46,1
1172,0.8555019612166997,contatar,Premium,3,71,1
7573,0.8552626885941832,contatar,Econômico,1,12,1
5899,0.8551264015386579,contatar,Econômico,1,68,0
7141,0.8544767970426372,contatar,Econômico,0,15,1
6853,0.8527965308666869,contatar,Premium,2,12,1
4931,0.8507308238043245,contatar,Premium,0,13,0
4427,0.8480201248977801,contatar,Premium,2,56,1
7233,0.841390579548197,contatar,Premium,1,4,0
5547,0.840849064041317,contatar,Premium,2,9,1
8779,0.83874365277128,contatar,Econômico,1,13,1
3968,0.828092838038593,contatar,Premium,3,77,1
1524,0.8222757689329413,contatar,Premium,1,1,1
8443,0.8190485712290126,contatar,Econômico,1,16,1
4216,0.817528173556665,contatar,Premium,2,33,1
9516,0.8151697912589635,contatar,Premium,2,90,1
3005,0.811757668653717,contatar,Premium,2,7,1
10240,0.8051653713372332,contatar,Premium,2,10,1
5093,0.8050973189359608,contatar,Econômico,0,15,1
10140,0.8034444434595693,contatar,Premium,2,27,0
3766,0.7948452901153065,contatar,Intermediário,0,15,1
3910,0.7902131832317469,contatar,Premium,3,78,1
1146,0.7901413055627953,contatar,Intermediário,1,5,1
1763,0.7860856283408932,contatar,Premium,3,62,1
1726,0.7815114250264493,contatar,Econômico,1,23,1
380,0.7814847172547766,contatar,Intermediário,1,17,1
10150,0.7765234709667306,contatar,Premium,1,10,1
5370,0.768601817595548,contatar,Intermediário,1,38,0
4070,0.7671655027793352,contatar,Premium,2,99,1
10352,0.7641834247353141,contatar,Econômico,0,2,1
7215,0.7608417373384405,contatar,Premium,3,69,1
2176,0.7600160561291232,contatar,Intermediário,3,40,1
8029,0.7595079901088473,contatar,Premium,3,27,1
10913,0.7480844568828793,contatar,Econômico,1,56,1
4530,0.7478583511776479,contatar,Premium,1,36,1
3498,0.745655731554115,contatar,Intermediário,1,6,1
9703,0.7412475393803273,contatar,Econômico,1,70,1
7734,0.7398684041025243,contatar,Premium,2,58,1
7503,0.7398290503815723,contatar,Premium,1,40,1
4702,0.732848328089221,contatar,Premium,0,20,0
10010,0.7327763231438462,contatar,Econômico,0,43,1
3678,0.7323792163535665,contatar,Intermediário,1,13,1
5718,0.7287498968571923,contatar,Premium,2,17,1
5371,0.7255867094929578,contatar,Econômico,1,0,1
10619,0.7248514939390949,contatar,Premium,1,29,1
10489,0.7245778915952499,contatar,Premium,2,35,1
3524,0.7225776138076607,contatar,Econômico,0,9,1
1631,0.7205102113427113,contatar,Intermediário,0,3,1
3945,0.7166919082261473,contatar,Premium,1,80,1
10314,0.7166811620974292,contatar,Premium,2,79,1
1592,0.7130675250374732,contatar,Premium,2,25,0
7786,0.7093781211065392,contatar,Econômico,0,22,0
5204,0.7046702676377378,contatar,Premium,1,21,1
10573,0.7019407253354184,contatar,Premium,1,27,0
8143,0.7008456865448939,contatar,Intermediário,2,49,1
2521,0.700773034697463,contatar,Econômico,1,10,1
5113,0.6988370929247653,contatar,Premium,1,67,1
234,0.6966841756770303,contatar,Econômico,1,60,1
10949,0.6951610602429127,contatar,Premium,1,8,1
10968,0.6870265686419211,contatar,Premium,0,0,0
4207,0.686046421535494,contatar,Premium,2,27,0
7378,0.680843383626537,contatar,Intermediário,1,34,0
4789,0.6789304484228956,contatar,Premium,3,95,0
624,0.6732763049889617,contatar,Econômico,1,5,1
3698,0.672958827366112,contatar,Premium,1,13,1
6379,0.6727308860728869,contatar,Econômico,0,3,1
3645,0.6723931464047166,contatar,Econômico,0,19,1
5031,0.6649652357518441,contatar,Premium,1,14,1
8278,0.659586480019328,contatar,Premium,0,3,0
3885,0.6593079093047409,contatar,Econômico,1,10,1
8996,0.6504503064740135,contatar,Intermediário,0,4,0
5036,0.6494862631072821,contatar,Intermediário,0,38,0
10343,0.648464641274006,contatar,Premium,0,27,0
3887,0.6411867480133694,contatar,Econômico,0,2,1
3706,0.6354790249414922,contatar,Econômico,1,54,1
1173,0.6344258837618943,contatar,Premium,2,73,1
4756,0.633790507887282,contatar,Premium,0,42,1
10448,0.6312977320408251,contatar,Intermediário,1,55,0
252,0.6276210349630323,contatar,Premium,0,11,0
8923,0.6271535338767494,contatar,Premium,0,12,1
7453,0.6233178673552248,contatar,Intermediário,1,46,1
6770,0.6212385936339184,contatar,Econômico,1,5,1
7922,0.6209202900257516,contatar,Intermediário,1,29,0
5048,0.619997891520202,contatar,Econômico,0,53,0
500,0.6160960360866782,contatar,Premium,3,79,1
8920,0.6155711020837773,contatar,Intermediário,0,4,0
271,0.6141237896022178,contatar,Intermediário,1,30,0
2407,0.6140141986112406,contatar,Premium,1,10,1
1212,0.6116548370809323,contatar,Premium,1,7,0
5524,0.6101689785316585,contatar,Premium,0,58,1
1402,0.6043583532501746,contatar,Premium,0,1,0
2379,0.604296075786142,contatar,Intermediário,0,31,1
2109,0.6042706315587882,contatar,Premium,1,60,1
9369,0.6022235441853506,contatar,Premium,2,19,1
9790,0.6015216698457149,contatar,Premium,1,12,1
6409,0.5942593747314308,contatar,Premium,0,18,1
6931,0.5921728355666849,contatar,Premium,1,19,1
9560,0.5909229022087455,contatar,Premium,1,18,1
1990,0.5885402362896403,contatar,Premium,1,74,0
5740,0.5833030323436427,contatar,Econômico,0,1,1
1150,0.5829181503064126,contatar,Premium,1,36,0
942,0.5827883713825648,contatar,Intermediário,0,36,1
6875,0.5791007035559551,contatar,Intermediário,0,38,0
4114,0.5782606328964517,contatar,Premium,0,2,0
7279,0.5777995959185859,contatar,Premium,0,3,0
10525,0.575681182887653,contatar,Econômico,1,40,1
1031,0.5732050543396242,contatar,Premium,1,5,0
4073,0.5730432938198361,contatar,Premium,1,0,1
1103,0.5636978496286658,contatar,Intermediário,2,60,1
3202,0.5626056474689903,contatar,Intermediário,2,60,0
7912,0.5618943358573084,contatar,Econômico,1,69,0
7373,0.5608368669914346,contatar,Econômico,0,8,1
8314,0.5582655872123068,contatar,Premium,1,30,0
4619,0.5558448410463147,contatar,Premium,0,9,0
8707,0.5508835287995308,contatar,Premium,0,12,1
4376,0.5490144278159935,contatar,Econômico,1,27,1
6892,0.5477738544565706,contatar,Intermediário,2,23,0
3710,0.5474301952607253,contatar,Econômico,0,41,1
590,0.5458256390326548,contatar,Premium,0,35,1
7736,0.545064450832705,contatar,Econômico,1,36,1
1859,0.5437417390558533,contatar,Premium,0,34,1
7494,0.5416033740598949,contatar,Intermediário,0,11,0
492,0.5397228947442583,contatar,Intermediário,0,3,1
1041,0.5393020819383354,contatar,Intermediário,0,3,1
1175,0.5387239877672336,contatar,Premium,1,24,1
7348,0.5381450017889973,contatar,Premium,0,0,1
2942,0.5379708199254807,contatar,Intermediário,1,20,0
2632,0.5350075410859223,contatar,Intermediário,1,10,1
873,0.5347698117633479,contatar,Intermediário,1,3,1
3334,0.5332209294109822,contatar,Premium,2,35,0
3690,0.5324718130953624,contatar,Premium,1,20,1
10530,0.5307649276506093,contatar,Premium,0,0,1
7462,0.5287305656907055,contatar,Econômico,0,67,0
6878,0.5236731805050685,contatar,Econômico,0,14,0
7919,0.522197575257244,contatar,Premium,0,2,1
6248,0.5185772366659882,contatar,Premium,1,47,1
8805,0.5181358211880742,contatar,Intermediário,0,1,0
10659,0.5163451090706905,contatar,Econômico,0,7,0
1829,0.5157758462414177,contatar,Intermediário,1,55,1
3182,0.5140628702078075,contatar,Econômico,1,81,1
9215,0.5116321861784234,contatar,Intermediário,0,19,0
4673,0.5108692453393187,contatar,Intermediário,1,17,1
8537,0.5086545408322618,contatar,Premium,1,60,1
531,0.5080059827962216,contatar,Intermediário,0,55,1
2225,0.5072749575884921,contatar,Premium,2,54,1
247,0.5064132189675286,contatar,Econômico,0,16,1
6932,0.502248291331336,contatar,Premium,1,77,0
4611,0.5014523814793413,contatar,Premium,2,36,1
7004,0.5005021134365243,contatar,Econômico,1,82,0
3711,0.4999110766134872,contatar,Premium,2,19,0
979,0.4990484379186996,contatar,Econômico,0,11,0
5453,0.49653707000538094,contatar,Premium,1,26,0
1340,0.49337994608172686,contatar,Premium,3,42,0
2926,0.49226902945764406,contatar,Intermediário,2,62,0
9478,0.49057058702082434,contatar,Premium,0,30,0
2296,0.4880863529320716,contatar,Econômico,1,4,0
9750,0.48693049593872784,contatar,Intermediário,0,41,0
796,0.4868571829540095,contatar,Intermediário,0,17,0
5985,0.48472124603451705,contatar,Econômico,0,0,0
4827,0.4834920482375952,contatar,Intermediário,0,3,1
9242,0.4802584941385831,contatar,Premium,1,19,1
175,0.4779098019323008,contatar,Premium,2,93,0
1945,0.477185086965443,contatar,Premium,2,4,0
10394,0.47530629120061124,contatar,Premium,3,91,0
6715,0.4741034339637612,contatar,Intermediário,0,3,0
7313,0.4734889074740418,contatar,Premium,1,63,0
9595,0.47344016513282183,contatar,Premium,0,1,1
2281,0.46645001533287916,contatar,Econômico,1,34,0
3409,0.46324189948447625,contatar,Econômico,1,68,0
5207,0.46024173494874676,contatar,Intermediário,0,41,1
9606,0.4599062722122486,contatar,Premium,2,64,1
405,0.4564568933077088,contatar,Intermediário,1,68,0
1137,0.45564957138965934,contatar,Premium,2,87,0
11101,0.4543865899555867,contatar,Premium,1,17,0
5544,0.4539281432412463,contatar,Premium,1,32,0
4686,0.45298013397729875,contatar,Premium,1,28,0
9648,0.45091870409024154,contatar,Intermediário,0,20,0
8755,0.4499681329937478,contatar,Premium,0,4,0
4023,0.4498012090660981,contatar,Econômico,0,29,1
5430,0.445079353401293,contatar,Intermediário,0,0,0
4377,0.4426044772160277,contatar,Intermediário,1,32,0
1710,0.4418467550328242,contatar,Econômico,0,51,0
9,0.4416373965176813,contatar,Econômico,0,86,1
8318,0.4412524199528637,contatar,Premium,1,7,0
2868,0.4409936741511057,contatar,Econômico,0,33,1
3010,0.4378966993536083,contatar,Premium,3,87,0
3433,0.4373151282720721,contatar,Premium,1,54,0
1092,0.4352615511993617,contatar,Intermediário,0,17,0
3629,0.4298424580642409,contatar,Econômico,0,17,0
1162,0.4288535040263578,contatar,Premium,0,23,1
10490,0.42600849006083036,contatar,Intermediário,0,11,0
263,0.42412353576281675,contatar,Econômico,0,9,1
9185,0.42310790034413104,contatar,Premium,0,38,1
5320,0.42235509877470917,contatar,Econômico,0,20,1
4452,0.4220162538437672,contatar,Intermediário,2,3,1
4543,0.41974140406860644,contatar,Premium,1,32,0
3919,0.4194262921237232,contatar,Premium,1,64,1
3277,0.41728603089398597,contatar,Intermediário,0,9,0
1519,0.41392847585787884,contatar,Econômico,0,2,1
6422,0.411925611356185,contatar,Premium,0,20,0
5289,0.4108314527150531,contatar,Econômico,0,30,0
5995,0.4081761269505411,contatar,Econômico,0,54,1
9213,0.4078049968514038,contatar,Econômico,0,13,0
2387,0.4067051352180492,contatar,Intermediário,0,9,1
4943,0.4065603801853027,contatar,Premium,2,73,0
6281,0.4051332031113125,contatar,Intermediário,1,27,0
4248,0.4048205379166889,contatar,Premium,1,23,0
199,0.4010481632153328,contatar,Intermediário,1,33,0
5831,0.4010390565776311,contatar,Intermediário,2,93,1
4637,0.3973882854588335,contatar,Premium,1,73,0
6184,0.3970077752969591,contatar,Premium,0,6,0
5092,0.39604622876772466,contatar,Intermediário,1,39,1
1577,0.39157279273227885,contatar,Premium,1,14,1
9220,0.38906396395591175,contatar,Premium,0,58,1
2552,0.38382301941358826,contatar,Intermediário,1,11,1
4992,0.3815494838399609,contatar,Econômico,0,12,1
3507,0.3795007843875974,contatar,Intermediário,0,44,1
1087,0.3787961946745759,contatar,Econômico,0,30,1
8341,0.377709083868225,contatar,Econômico,1,22,1
10591,0.3754966956897595,contatar,Econômico,0,37,0
7342,0.37394873511802496,contatar,Premium,0,6,0
269,0.3735030696080441,contatar,Intermediário,0,71,0
10676,0.3713747456960531,contatar,Premium,0,3,1
6504,0.3700463068323744,contatar,Econômico,1,24,0
2557,0.3691447969775518,contatar,Econômico,1,52,0
8181,0.3685787153042759,contatar,Econômico,0,42,0
3661,0.3675309872914402,contatar,Premium,0,42,0
1618,0.36735378575350286,contatar,Intermediário,1,9,1
9930,0.36540223433992386,contatar,Premium,0,8,0
1381,0.36475413974263465,contatar,Intermediário,0,20,1
8957,0.36430509745116424,contatar,Intermediário,0,51,0
3483,0.36289063022607587,contatar,Premium,3,76,1
5063,0.36271025539734986,contatar,Econômico,0,76,0
7101,0.36001557745988766,contatar,Intermediário,0,24,1
7030,0.3577754030445254,contatar,Premium,1,1,0
10814,0.35772404519664514,contatar,Premium,0,6,1
2072,0.3525646204511937,contatar,Intermediário,1,34,1
749,0.35228403686076887,contatar,Econômico,1,31,1
5721,0.34989425813224484,contatar,Premium,1,60,0
6205,0.3496507157464479,contatar,Econômico,0,13,1
9701,0.3451932168931596,contatar,Econômico,0,13,0
5136,0.34383248688277834,contatar,Intermediário,2,58,0
8799,0.3438246333618512,contatar,Econômico,0,6,0
6141,0.3429712321190099,contatar,Intermediário,0,46,0
1361,0.3420985989233086,contatar,Premium,2,26,1
1867,0.3390414417424645,contatar,Premium,0,42,1
10163,0.3386111574732328,contatar,Premium,0,28,1
1627,0.3378007942215994,contatar,Premium,1,84,0
6274,0.33759468594700365,contatar,Premium,2,81,0
5585,0.33690842867606063,contatar,Econômico,0,1,1
3517,0.334228743559365,contatar,Econômico,0,32,1
4855,0.33189004629660307,contatar,Econômico,0,19,1
9967,0.330009151160146,contatar,Econômico,0,30,0
1384,0.3298943343470433,contatar,Econômico,1,10,0
7118,0.3259451901535687,contatar,Premium,1,61,1
35,0.3230491936176944,contatar,Econômico,0,35,1
11025,0.32152807737703404,contatar,Econômico,0,9,0
1626,0.3210924258197768,contatar,Econômico,1,37,1
5552,0.32051040531633634,contatar,Econômico,0,50,0
955,0.31940035051764554,contatar,Econômico,1,81,1
10395,0.3178503014474947,contatar,Econômico,0,25,0
8475,0.31717989885478076,contatar,Premium,0,98,0
9260,0.31643894473602824,contatar,Premium,0,20,0
9707,0.3160458237762062,contatar,Intermediário,2,65,0
4286,0.31580705135213705,contatar,Intermediário,1,24,0
7660,0.31385016611629873,contatar,Econômico,1,37,1
5302,0.31268714026094285,contatar,Premium,0,13,1
2886,0.31236378512635293,contatar,Premium,2,70,0
3657,0.31134019043240646,contatar,Econômico,0,1,0
9925,0.3104983083749038,contatar,Intermediário,1,97,0
8216,0.3096837136830381,contatar,Intermediário,0,7,0
9503,0.30846255435185055,contatar,Econômico,0,65,0
7349,0.3082811146116206,contatar,Econômico,0,7,1
2223,0.3067918769443932,contatar,Premium,0,52,0
10767,0.30594131558393534,contatar,Premium,2,40,0
6543,0.3055971478907239,contatar,Premium,0,45,0
5114,0.3052451171959867,contatar,Intermediário,0,1,0
4246,0.3025461546483371,contatar,Econômico,0,2,0
10581,0.30093236743667995,contatar,Intermediário,0,41,0
3865,0.3007234624902821,contatar,Econômico,0,14,1
10281,0.29986628348560074,contatar,Premium,0,11,1
5331,0.29851814305085045,contatar,Premium,0,8,0
8897,0.2981246994927781,contatar,Intermediário,0,9,1
10972,0.29789093885703566,contatar,Premium,2,52,0
1008,0.2965375074255413,contatar,Intermediário,1,31,0
10470,0.2956404437450098,contatar,Econômico,0,0,0
6810,0.295518607708499,contatar,Premium,1,76,1
10991,0.29041499811332205,contatar,Premium,0,18,0
2634,0.28956445173471423,contatar,Econômico,0,10,1
1685,0.28923775264275375,contatar,Premium,1,21,0
3933,0.28786095701593994,contatar,Intermediário,0,46,0
1168,0.28662599587645166,contatar,Premium,0,62,0
3921,0.285280833773924,contatar,Econômico,0,96,0
2426,0.28421643092223725,contatar,Premium,0,35,1
9405,0.28403756317022083,contatar,Econômico,0,40,1
10507,0.2835578079339397,contatar,Intermediário,1,14,0
7527,0.28350970581458707,contatar,Econômico,0,97,0
5080,0.28284673452671444,contatar,Premium,0,12,1
697,0.27999618363861456,contatar,Premium,1,78,0
5628,0.2784999730468184,contatar,Premium,1,25,0
309,0.27246438158260294,não contatar,Intermediário,1,48,1
6945,0.27048300385545865,não contatar,Premium,0,72,0
4646,0.26864724119460226,não contatar,Premium,1,44,0
7042,0.266728373498513,não contatar,Econômico,0,14,1
5558,0.265560891481159,não contatar,Premium,1,90,0
2781,0.2642474791742631,não contatar,Premium,2,55,1
4136,0.2639724384930697,não contatar,Econômico,0,63,0
999,0.2633510427215195,não contatar,Premium,2,95,1
6605,0.2631634363226757,não contatar,Intermediário,1,85,0
4713,0.26305328841324205,não contatar,Econômico,0,15,0
1165,0.26295305102024036,não contatar,Intermediário,0,62,0
7875,0.2596504035924732,não contatar,Premium,3,46,1
8832,0.2594848002400319,não contatar,Econômico,0,24,0
7706,0.25764928725936526,não contatar,Intermediário,1,88,0
7384,0.25593523146326924,não contatar,Intermediário,0,18,0
8041,0.25460485418908496,não contatar,Intermediário,0,35,0
2678,0.2538809510001526,não contatar,Econômico,0,62,0
5350,0.25275104080002686,não contatar,Premium,1,29,1
3478,0.2524145624662679,não contatar,Intermediário,0,17,1
8234,0.25214683306069785,não contatar,Econômico,1,13,1
1351,0.2504511065941101,não contatar,Premium,1,25,0
5835,0.24935449938146492,não contatar,Econômico,0,39,0
2088,0.2477251045123999,não contatar,Premium,3,98,0
10069,0.24769927877487224,não contatar,Econômico,1,43,0
25,0.24637382651558393,não contatar,Premium,0,9,0
10383,0.24432103582858927,não contatar,Premium,0,30,1
6019,0.24391705507866518,não contatar,Econômico,1,9,1
9204,0.2437581472364659,não contatar,Intermediário,0,33,0
5117,0.24348557213192307,não contatar,Premium,0,32,0
948,0.24304112349551396,não contatar,Econômico,0,32,0
2131,0.24260621749887737,não contatar,Intermediário,0,37,0
4310,0.24256365319200984,não contatar,Premium,1,25,1
1553,0.24134142514096707,não contatar,Premium,2,71,0
760,0.24105713927777256,não contatar,Intermediário,0,8,0
3104,0.24097231085561283,não contatar,Premium,1,89,1
4065,0.24080823472822227,não contatar,Intermediário,0,0,0
3422,0.2405308242353157,não contatar,Intermediário,2,67,0
4867,0.23983738365505003,não contatar,Econômico,0,2,0
9855,0.23859290930890706,não contatar,Premium,1,25,0
4426,0.23846442188151115,não contatar,Intermediário,1,35,0
8601,0.23790740975456245,não contatar,Premium,0,3,0
8746,0.23723396960292553,não contatar,Intermediário,2,28,0
9365,0.2369653137032132,não contatar,Intermediário,0,57,0
11187,0.2366501066842491,não contatar,Econômico,0,23,0
5332,0.23614677530249825,não contatar,Premium,0,2,0
3479,0.23573093249367466,não contatar,Econômico,1,49,0
10095,0.235011975259911,não contatar,Premium,0,9,0
3225,0.23497903653047297,não contatar,Econômico,1,71,1
10164,0.2349489457369769,não contatar,Premium,2,75,0
11071,0.23421575932852767,não contatar,Premium,0,37,1
10641,0.23391813941755882,não contatar,Econômico,0,5,0
3099,0.23364068377401565,não contatar,Intermediário,0,48,0
6181,0.23313890911739588,não contatar,Premium,0,36,0
6720,0.23214668902678143,não contatar,Intermediário,1,11,1
9668,0.23135743673706544,não contatar,Econômico,0,14,0
7108,0.22849892266284297,não contatar,Intermediário,0,54,0
1446,0.22840651343374757,não contatar,Premium,0,12,0
4299,0.22737482038939377,não contatar,Premium,0,28,1
10102,0.226952434543563,não contatar,Premium,0,19,0
4012,0.22583193520771982,não contatar,Intermediário,0,55,1
10995,0.22538525241652368,não contatar,Econômico,0,8,0
2429,0.22443491357079948,não contatar,Premium,0,4,0
1911,0.22386032917025483,não contatar,Premium,0,6,0
10542,0.22338640969679294,não contatar,Econômico,0,63,0
1081,0.22320565014222785,não contatar,Intermediário,0,26,0
1291,0.22297229119371234,não contatar,Econômico,0,90,0
5794,0.22265984753266915,não contatar,Intermediário,2,1,1
4865,0.22217665837799414,não contatar,Intermediário,0,2,1
3332,0.22165652539357789,não contatar,Econômico,0,87,0
8975,0.22017934626956595,não contatar,Econômico,1,47,1
6097,0.22010009127300073,não contatar,Intermediário,0,64,0
6940,0.21997038062121974,não contatar,Econômico,1,86,0
1048,0.218660526544945,não contatar,Econômico,0,11,1
905,0.21825419280958047,não contatar,Econômico,0,38,0
6197,0.21824203787922286,não contatar,Econômico,0,39,0
607,0.21780791743061262,não contatar,Intermediário,0,31,0
3979,0.2171237511291469,não contatar,Premium,1,98,1
7023,0.21707110627788348,não contatar,Intermediário,0,87,0
347,0.21706824559356716,não contatar,Intermediário,0,30,0
3547,0.21616719409912338,não contatar,Econômico,0,12,1
2488,0.21607711146237746,não contatar,Econômico,0,80,0
5534,0.21545069302240266,não contatar,Intermediário,1,30,0
9094,0.21524718482574273,não contatar,Intermediário,0,39,1
610,0.21460494535970565,não contatar,Intermediário,0,60,0
9729,0.2144159966798093,não contatar,Intermediário,0,48,0
5121,0.2129196331152919,não contatar,Intermediário,1,30,0
1497,0.21241536568749284,não contatar,Intermediário,0,8,0
10629,0.21169563230595614,não contatar,Econômico,0,25,0
2802,0.21087664561361139,não contatar,Premium,0,61,0
965,0.21086855954136033,não contatar,Intermediário,0,34,0
3445,0.21078112126471327,não contatar,Premium,0,56,1
6518,0.21076009077787616,não contatar,Intermediário,0,8,0
9909,0.21055151043425308,não contatar,Econômico,0,24,1
1650,0.2100322690457635,não contatar,Premium,0,13,0
9938,0.20873986027830965,não contatar,Premium,1,82,0
821,0.20778472846632035,não contatar,Premium,0,46,0
1204,0.2067010796864154,não contatar,Intermediário,1,45,0
7396,0.20657084845841794,não contatar,Premium,1,92,0
6320,0.20613571187095286,não contatar,Premium,0,42,0
9262,0.20585215140247612,não contatar,Econômico,1,11,0
4356,0.20576991205497946,não contatar,Intermediário,2,70,0
5636,0.20531113942845716,não contatar,Econômico,0,50,1
5304,0.20527285522702918,não contatar,Econômico,0,35,0
564,0.20195892127488121,não contatar,Intermediário,1,81,1
4945,0.20095434090925654,não contatar,Premium,0,29,0
4369,0.2002333731251072,não contatar,Premium,0,48,0
8462,0.19998897128486268,não contatar,Econômico,1,52,0
2570,0.1993204586492022,não contatar,Intermediário,2,35,1
4418,0.19825162530018448,não contatar,Premium,0,36,1
4324,0.19825139845189257,não contatar,Intermediário,0,42,0
679,0.1975813900332013,não contatar,Econômico,0,49,0
1127,0.19501817355242376,não contatar,Premium,1,62,0
2147,0.19483251691118525,não contatar,Premium,2,91,0
5682,0.19415062956018642,não contatar,Premium,0,8,0
1,0.1941380886542288,não contatar,Intermediário,1,0,1
4994,0.19397457700071669,não contatar,Premium,1,53,0
3427,0.19359044716195645,não contatar,Intermediário,0,11,0
10513,0.19327912363818728,não contatar,Premium,1,68,0
10701,0.1922406655416719,não contatar,Premium,2,60,0
5255,0.1919462361012345,não contatar,Premium,0,19,0
9292,0.1916282827502839,não contatar,Premium,0,74,0
6818,0.1912249802888583,não contatar,Econômico,0,26,0
1826,0.19106959592765085,não contatar,Premium,0,0,1
8732,0.1909238961074839,não contatar,Intermediário,2,81,1
933,0.19078473370371096,não contatar,Econômico,0,31,0
6606,0.1901769603388429,não contatar,Intermediário,1,11,0
217,0.19017607489553684,não contatar,Premium,0,78,0
6384,0.18938362716022888,não contatar,Intermediário,1,30,0
4122,0.18937347837347623,não contatar,Premium,1,73,1
7247,0.18858079489948681,não contatar,Intermediário,1,72,0
9274,0.18830041909980944,não contatar,Premium,1,44,0
4764,0.18643288273580333,não contatar,Econômico,0,52,1
521,0.1863666471530096,não contatar,Intermediário,0,42,0
5376,0.18598771767693392,não contatar,Premium,0,42,0
10477,0.18343184263929282,não contatar,Econômico,0,16,0
9771,0.18274905361364685,não contatar,Econômico,0,97,0
10245,0.1825147450524806,não contatar,Premium,0,71,0
9687,0.18099079387061084,não contatar,Premium,0,1,0
675,0.1805410956363775,não contatar,Intermediário,0,67,0
6421,0.18044225588006135,não contatar,Premium,1,32,0
3469,0.17972669027672222,não contatar,Econômico,0,94,0
4278,0.17947844623143597,não contatar,Premium,0,73,1
6749,0.17921026198718384,não contatar,Intermediário,0,78,0
5564,0.17905491540222837,não contatar,Premium,0,26,0
3388,0.17881801003212883,não contatar,Intermediário,0,16,0
3403,0.17877640271206915,não contatar,Premium,0,11,0
7301,0.17862921485827976,não contatar,Econômico,0,76,1
8692,0.17849016568706041,não contatar,Econômico,0,50,0
4168,0.17836136652214002,não contatar,Econômico,0,30,1
2874,0.17831983275502578,não contatar,Econômico,0,20,0
5510,0.1781386094064038,não contatar,Intermediário,0,2,0
6260,0.17800100199824154,não contatar,Premium,1,55,1
3074,0.17702163847090466,não contatar,Premium,0,66,1
1907,0.17539524450231497,não contatar,Intermediário,0,53,1
6690,0.1753872923696664,não contatar,Econômico,0,30,0
1506,0.17528823989997439,não contatar,Econômico,0,26,1
1241,0.17501689185851893,não contatar,Econômico,0,1,1
2278,0.174693961355806,não contatar,Econômico,0,86,0
8233,0.17439292091994146,não contatar,Intermediário,1,9,0
4557,0.17371519764219034,não contatar,Econômico,0,11,0
2931,0.17299799646051445,não contatar,Premium,1,95,0
1245,0.17277254678441561,não contatar,Intermediário,1,45,0
2408,0.17235471571746666,não contatar,Intermediário,0,20,0
4058,0.172221983278833,não contatar,Intermediário,1,76,0
6609,0.17197917763724963,não contatar,Econômico,0,64,1
3262,0.17182414848799193,não contatar,Premium,0,31,1
6354,0.17161971206067841,não contatar,Econômico,0,51,1
3179,0.17082573963200323,não contatar,Premium,0,75,0
4459,0.17055029234879204,não contatar,Econômico,0,13,0
2002,0.16854848486285637,não contatar,Premium,0,81,0
1406,0.16829668569618825,não contatar,Intermediário,0,49,0
6919,0.16750764748786,não contatar,Econômico,0,39,0
9999,0.167146594054323,não contatar,Premium,0,2,0
10846,0.16684883990929433,não contatar,Intermediário,1,22,0
75,0.16630923610678364,não contatar,Intermediário,0,32,0
6439,0.16615447529675334,não contatar,Intermediário,0,37,0
7849,0.16500705490011575,não contatar,Premium,0,12,0
7414,0.16487650239404242,não contatar,Econômico,0,18,0
1170,0.16481695215622003,não contatar,Econômico,0,45,0
5621,0.16437192557717706,não contatar,Econômico,0,8,1
9665,0.16384666985680196,não contatar,Intermediário,0,48,0
4331,0.16312652623741491,não contatar,Premium,2,41,0
5830,0.16280562890944833,não contatar,Premium,0,96,1
5788,0.16238703931815265,não contatar,Econômico,0,46,0
8890,0.1620846004502263,não contatar,Intermediário,0,1,0
3310,0.1620420200560902,não contatar,Econômico,0,94,0
10478,0.16202627011232043,não contatar,Intermediário,0,53,1
4939,0.16033950036244599,não contatar,Econômico,0,20,0
8870,0.160130497308296,não contatar,Econômico,0,68,1
8151,0.1585283690406593,não contatar,Econômico,0,6,0
1857,0.1583858549790365,não contatar,Econômico,0,2,1
10673,0.15816164983232733,não contatar,Premium,0,6,0
2795,0.15770492010873438,não contatar,Econômico,0,0,0
7848,0.1566072908679463,não contatar,Intermediário,0,17,0
8213,0.15633111175046943,não contatar,Econômico,0,71,1
10270,0.1554841563354897,não contatar,Econômico,0,8,0
2747,0.15544742350627594,não contatar,Premium,0,90,0
2929,0.15535382696700467,não contatar,Econômico,0,27,0
9360,0.1548658084160703,não contatar,Intermediário,0,41,0
92,0.15480241841101797,não contatar,Econômico,0,12,0
433,0.1543165219143799,não contatar,Intermediário,0,42,0
1619,0.1541689938976488,não contatar,Premium,0,2,1
6613,0.15411997046902254,não contatar,Intermediário,0,39,0
9723,0.15401171425950103,não contatar,Premium,1,8,0
6147,0.15363351662725208,não contatar,Econômico,0,51,0
2079,0.15350522823783946,não contatar,Premium,0,0,0
10736,0.15293021941721316,não contatar,Premium,0,28,0
8911,0.15247965451146586,não contatar,Premium,0,11,0
4697,0.15245150263753665,não contatar,Intermediário,0,62,0
6246,0.15161562568407258,não contatar,Premium,0,40,1
9529,0.15159831222388162,não contatar,Premium,1,8,1
202,0.15102789155129853,não contatar,Premium,0,54,0
2154,0.15092686624466253,não contatar,Econômico,0,33,0
9504,0.1508257514144658,não contatar,Premium,0,4,1
9432,0.15057851443609638,não contatar,Econômico,0,23,0
1570,0.14995740762858786,não contatar,Premium,0,8,0
2565,0.14872608819228375,não contatar,Premium,1,69,0
9256,0.14868207554453872,não contatar,Intermediário,0,5,0
4767,0.14813618745694895,não contatar,Premium,1,41,0
4188,0.1479002862817575,não contatar,Intermediário,0,53,1
8164,0.14764177794261413,não contatar,Premium,0,13,0
1215,0.14759558110653864,não contatar,Premium,1,49,0
7053,0.14697270960174308,não contatar,Premium,0,75,0
2150,0.1455018674286012,não contatar,Premium,0,83,0
8486,0.1453321627451254,não contatar,Intermediário,0,27,0
3312,0.14478739293131024,não contatar,Econômico,0,12,0
8876,0.14337260572817573,não contatar,Econômico,0,49,0
4394,0.1424006259900505,não contatar,Premium,2,43,0
6050,0.14230900263826804,não contatar,Intermediário,1,33,0
9579,0.14195325249200666,não contatar,Econômico,0,61,0
2829,0.14064345058375288,não contatar,Intermediário,2,25,0
773,0.14051804846535682,não contatar,Intermediário,0,64,0
9305,0.1403283539628657,não contatar,Premium,0,65,0
9426,0.1402689462426146,não contatar,Intermediário,0,77,0
3340,0.1398158187244995,não contatar,Intermediário,0,56,1
9986,0.13927676034637954,não contatar,Econômico,0,8,1
2980,0.13918978042166436,não contatar,Econômico,0,52,0
1277,0.13835061769711496,não contatar,Premium,1,29,0
6471,0.13789835044080592,não contatar,Econômico,0,17,0
3139,0.1377184206289554,não contatar,Premium,1,53,0
2961,0.13756500600805316,não contatar,Intermediário,1,86,0
1544,0.1374546777845508,não contatar,Premium,0,51,0
11003,0.1367234690537683,não contatar,Econômico,0,10,0
6387,0.13665680430749316,não contatar,Econômico,1,39,0
9905,0.13624250907627383,não contatar,Econômico,1,69,0
2945,0.13620830764893924,não contatar,Econômico,2,25,0
10722,0.13529696625224624,não contatar,Intermediário,1,63,0
10524,0.13504645297879864,não contatar,Premium,0,29,0
938,0.13356457136110297,não contatar,Econômico,1,30,0
448,0.13287857582010335,não contatar,Intermediário,0,57,0
4507,0.13264994672313107,não contatar,Premium,0,87,0
5892,0.13228944060755582,não contatar,Econômico,0,11,0
367,0.13227960024880453,não contatar,Econômico,0,74,0
983,0.13217890546111644,não contatar,Intermediário,1,82,0
6905,0.13174283121497696,não contatar,Premium,0,55,0
6177,0.13162104532848598,não contatar,Econômico,0,32,0
9076,0.13106012441487816,não contatar,Intermediário,0,44,0
2285,0.13088244604506324,não contatar,Intermediário,0,0,0
7842,0.13081439786446492,não contatar,Econômico,0,54,0
4643,0.13058557656296158,não contatar,Econômico,0,40,0
8395,0.1303457164193016,não contatar,Premium,0,48,1
10057,0.13024833843067746,não contatar,Premium,0,70,1
615,0.12958008101024848,não contatar,Econômico,0,29,0
10159,0.1295654362039163,não contatar,Intermediário,0,77,0
7000,0.12923947124309998,não contatar,Premium,0,18,0
5935,0.12913752029732933,não contatar,Intermediário,0,60,0
6642,0.12883406406050357,não contatar,Econômico,0,50,0
6566,0.12871845944261068,não contatar,Intermediário,0,39,0
8492,0.1280818362655707,não contatar,Premium,1,25,0
4607,0.12765363511210076,não contatar,Premium,0,24,0
4974,0.12719139201239554,não contatar,Intermediário,0,98,0
4351,0.12706644871021863,não contatar,Econômico,1,90,0
3025,0.12646735591564395,não contatar,Intermediário,0,4,0
9145,0.1261191195295367,não contatar,Premium,0,43,0
203,0.12557372457139446,não contatar,Premium,0,47,0
9224,0.1244576056863721,não contatar,Premium,0,81,0
6349,0.12409347105942606,não contatar,Premium,0,71,0
6575,0.12405934728044019,não contatar,Intermediário,0,51,0
922,0.12345931393361535,não contatar,Econômico,1,79,0
7610,0.12306414560693853,não contatar,Intermediário,0,32,0
1928,0.12294585860201605,não contatar,Econômico,1,73,0
6233,0.12260010155791208,não contatar,Intermediário,0,21,0
3376,0.12201485235337002,não contatar,Intermediário,0,9,0
1071,0.12107563187518264,não contatar,Intermediário,0,10,0
1079,0.12079314095959046,não contatar,Intermediário,1,59,0
968,0.12062467783498196,não contatar,Intermediário,0,24,0
10299,0.1201722811089903,não contatar,Premium,0,73,1
2870,0.11997907624892656,não contatar,Intermediário,0,6,0
4120,0.11993698858151747,não contatar,Intermediário,0,61,0
10967,0.11980496296359233,não contatar,Econômico,0,38,0
10888,0.1197616410183927,não contatar,Premium,0,46,0
8026,0.11929602727994885,não contatar,Intermediário,0,10,0
4201,0.1191509347975613,não contatar,Intermediário,0,39,0
10141,0.11903059447814861,não contatar,Econômico,0,1,0
4828,0.11898502867669392,não contatar,Premium,0,12,0
10236,0.11893083688458037,não contatar,Econômico,0,59,0
1411,0.11848564654497047,não contatar,Premium,0,58,0
5519,0.11837105232775158,não contatar,Premium,0,8,1
4320,0.1173754876246669,não contatar,Premium,0,6,0
4552,0.11737016769541157,não contatar,Premium,0,37,0
9739,0.11718781493449774,não contatar,Econômico,0,55,0
10827,0.11609178803767964,não contatar,Econômico,0,49,0
6287,0.1159614485736481,não contatar,Econômico,0,2,1
10742,0.1159162917676285,não contatar,Premium,1,72,0
4817,0.11534599874079113,não contatar,Econômico,0,91,0
1331,0.11526088181426122,não contatar,Econômico,0,54,0
5955,0.1146511636467683,não contatar,Premium,0,27,0
11121,0.11453578648864157,não contatar,Econômico,0,76,0
8369,0.1141313687243773,não contatar,Econômico,0,21,0
4095,0.11338771324370385,não contatar,Econômico,0,80,0
1378,0.1131468154870843,não contatar,Intermediário,0,24,0
10955,0.11274797862113947,não contatar,Premium,0,68,1
8825,0.11188213393105446,não contatar,Intermediário,0,46,0
5726,0.11152402499253791,não contatar,Econômico,0,15,0
7899,0.11110077240843008,não contatar,Intermediário,0,70,0
7793,0.110811670784336,não contatar,Intermediário,1,12,0
6673,0.1102262863683634,não contatar,Econômico,0,51,0
460,0.1100987452068588,não contatar,Premium,0,72,0
11191,0.10993822513583014,não contatar,Econômico,0,11,0
1456,0.10979582598695056,não contatar,Intermediário,0,25,0
1012,0.10946626233743773,não contatar,Intermediário,0,26,0
5687,0.10920395922097444,não contatar,Premium,0,98,0
9952,0.10895538564114744,não contatar,Premium,0,53,0
1473,0.10822187446083509,não contatar,Econômico,0,0,0
2428,0.10810653510823778,não contatar,Econômico,0,23,0
2324,0.10805960213657237,não contatar,Premium,1,12,0
5474,0.1072396630398598,não contatar,Econômico,0,79,0
6374,0.107005077167728,não contatar,Intermediário,0,50,0
5846,0.10689901255135596,não contatar,Econômico,0,68,0
5342,0.10669113576551867,não contatar,Econômico,0,31,0
8643,0.10594956295775268,não contatar,Premium,0,21,0
7798,0.10583690974144573,não contatar,Intermediário,0,28,0
6565,0.10570007654613005,não contatar,Premium,1,91,0
1717,0.10540877473815577,não contatar,Econômico,0,43,0
975,0.10530031525039088,não contatar,Intermediário,0,25,0
8581,0.10517309076567727,não contatar,Intermediário,0,4,0
5675,0.10479443875522024,não contatar,Intermediário,1,98,1
4137,0.10444439655270168,não contatar,Premium,0,29,0
9576,0.10432564128529434,não contatar,Econômico,0,60,0
9392,0.10384972205126683,não contatar,Econômico,0,17,0
8584,0.10364744949009799,não contatar,Premium,0,54,0
8091,0.10353313757869431,não contatar,Premium,0,50,0
1377,0.10350241320903467,não contatar,Intermediário,0,24,0
7079,0.10338985896646835,não contatar,Intermediário,0,38,0
4415,0.10312551247404333,não contatar,Econômico,0,19,0
10664,0.10305714467201979,não contatar,Intermediário,0,14,0
6653,0.1021387387071688,não contatar,Intermediário,0,72,1
2964,0.10213868406511377,não contatar,Econômico,0,0,0
5626,0.1018724279825026,não contatar,Intermediário,0,13,0
10092,0.10151069676714217,não contatar,Premium,0,46,0
7290,0.10143925422624825,não contatar,Premium,0,68,0
7022,0.10036975574510949,não contatar,Premium,0,2,0
9612,0.10035258387298485,não contatar,Econômico,0,3,0
6431,0.10024543220192358,não contatar,Econômico,0,13,0
10232,0.10024099877904105,não contatar,Intermediário,0,9,0
1407,0.10016615681736185,não contatar,Econômico,0,5,0
10156,0.10007534809472114,não contatar,Premium,0,56,0
6230,0.09983714982468958,não contatar,Econômico,0,53,0
4432,0.09978845364809563,não contatar,Econômico,0,82,0
146,0.09978426391387808,não contatar,Premium,1,78,0
5989,0.09968943717499404,não contatar,Intermediário,0,51,0
3220,0.09947646342260189,não contatar,Econômico,0,30,0
8717,0.09892270190473372,não contatar,Premium,0,56,0
7274,0.09867237598811093,não contatar,Premium,1,87,0
10356,0.09852268555908764,não contatar,Econômico,0,5,0
291,0.09842134726731624,não contatar,Premium,0,13,0
10757,0.09825547206870953,não contatar,Econômico,0,36,0
4385,0.0981314422689055,não contatar,Econômico,0,82,0
10031,0.09805344665303861,não contatar,Econômico,0,50,0
3518,0.0978030337435894,não contatar,Econômico,0,45,0
738,0.09708885737291331,não contatar,Econômico,0,35,0
2452,0.09703724550103467,não contatar,Intermediário,0,8,1
2882,0.09697676781235756,não contatar,Intermediário,0,31,0
5907,0.09682453693737533,não contatar,Econômico,0,24,0
1966,0.0961973115703397,não contatar,Premium,1,96,0
6927,0.09574488527047473,não contatar,Intermediário,0,70,0
6856,0.09563412229934623,não contatar,Econômico,0,75,1
4271,0.09514166692428219,não contatar,Econômico,0,80,0
535,0.09477440486885805,não contatar,Premium,0,18,1
5120,0.09460287360708772,não contatar,Premium,0,78,0
5871,0.09444835475057071,não contatar,Econômico,0,98,0
1118,0.09442786678557637,não contatar,Intermediário,1,87,0
1440,0.09431205830434441,não contatar,Premium,0,84,0
4475,0.09422204150053752,não contatar,Premium,0,82,0
1518,0.09414568484018551,não contatar,Intermediário,0,29,0
1045,0.09335753653577974,não contatar,Intermediário,0,55,0
3037,0.09282330827239718,não contatar,Intermediário,0,32,0
2308,0.0927256795495331,não contatar,Intermediário,0,40,0
9370,0.09263292918260495,não contatar,Premium,0,68,0
10868,0.09259680814153311,não contatar,Premium,0,82,0
6049,0.09259296769425382,não contatar,Premium,2,85,0
10702,0.09232841601333339,não contatar,Intermediário,0,67,0
7476,0.09207219235148686,não contatar,Intermediário,1,93,0
2518,0.0920342351911764,não contatar,Econômico,0,16,0
8370,0.09089519419660216,não contatar,Premium,0,50,0
4487,0.09045516318371219,não contatar,Econômico,0,67,1
2639,0.0899426885142775,não contatar,Econômico,0,45,0
1077,0.08982590404530127,não contatar,Premium,0,52,0
3859,0.08978878813604087,não contatar,Premium,0,36,0
9298,0.08969143660332171,não contatar,Premium,2,89,0
5527,0.08935929704631317,não contatar,Econômico,0,25,0
9246,0.08910240351827242,não contatar,Intermediário,0,73,0
1459,0.08909130398991191,não contatar,Intermediário,0,16,0
642,0.08894333149285663,não contatar,Econômico,0,69,0
6728,0.08878381994983219,não contatar,Econômico,0,38,0
2130,0.08871836377739253,não contatar,Econômico,0,4,1
4967,0.08870868368610144,não contatar,Intermediário,0,19,0
7011,0.08833340163418535,não contatar,Econômico,0,47,0
8724,0.08826078046700245,não contatar,Econômico,0,57,0
7458,0.08810292244063937,não contatar,Econômico,0,26,0
8812,0.08773335268345636,não contatar,Econômico,0,45,0
9353,0.08752850815869563,não contatar,Premium,1,61,0
3878,0.08729939522051704,não contatar,Econômico,0,3,0
4483,0.08715121561582048,não contatar,Premium,0,67,0
3537,0.08712912987810259,não contatar,Econômico,0,57,0
9264,0.08690600118386638,não contatar,Premium,0,1,0
5872,0.08641486672810332,não contatar,Premium,0,23,0
5763,0.0862599383726657,não contatar,Intermediário,0,63,0
4099,0.0857974743952773,não contatar,Econômico,0,14,0
3924,0.08568359239123584,não contatar,Intermediário,1,34,0
7892,0.08552814585044029,não contatar,Econômico,0,89,0
9463,0.0853889676338146,não contatar,Intermediário,0,16,0
2930,0.08528866329040549,não contatar,Premium,0,7,0
8773,0.0852619688540803,não contatar,Intermediário,1,22,0
238,0.08481375922048161,não contatar,Intermediário,0,76,0
7441,0.08427871213362625,não contatar,Premium,0,80,0
6859,0.08415271470493038,não contatar,Econômico,0,30,0
11112,0.0841429232187114,não contatar,Premium,0,23,0
115,0.08359245423297446,não contatar,Intermediário,0,0,0
1403,0.08339298857954759,não contatar,Econômico,0,40,0
3270,0.08306985620396795,não contatar,Econômico,0,96,0
8560,0.08287736110465435,não contatar,Premium,0,94,0
9817,0.08268075908279147,não contatar,Intermediário,0,71,0
3870,0.08254059150616302,não contatar,Premium,0,28,0
10755,0.08250227815429308,não contatar,Econômico,0,76,0
2098,0.08239625854820173,não contatar,Econômico,0,38,0
7119,0.08171024693766565,não contatar,Premium,0,45,0
2611,0.08131220829580035,não contatar,Premium,1,66,0
10001,0.08051689206280788,não contatar,Econômico,0,98,0
2674,0.08025378195248839,não contatar,Premium,0,79,1
2891,0.08024494788798033,não contatar,Premium,0,51,0
8908,0.08020221003305845,não contatar,Premium,0,35,1
6729,0.07993195772758113,não contatar,Premium,0,95,0
8910,0.07954468813167667,não contatar,Intermediário,0,7,1
5278,0.07892887779700057,não contatar,Premium,1,83,0
5667,0.07881713286980893,não contatar,Premium,0,90,1
67,0.07881670782519926,não contatar,Econômico,0,6,0
5956,0.07881577979664593,não contatar,Econômico,0,74,0
2286,0.0784954689642148,não contatar,Econômico,0,27,0
5209,0.07815954175303351,não contatar,Intermediário,0,21,0
4001,0.07786319106697084,não contatar,Intermediário,1,56,0
6982,0.0774258978834502,não contatar,Premium,0,14,0
6507,0.07704463670213665,não contatar,Econômico,0,16,0
709,0.07700646729331659,não contatar,Intermediário,0,27,0
2337,0.07694771276848698,não contatar,Econômico,0,77,0
6086,0.07691963344615173,não contatar,Premium,1,62,0
4910,0.07665313748602956,não contatar,Premium,0,81,0
1992,0.07653153726381719,não contatar,Intermediário,1,2,1
618,0.0765004267047458,não contatar,Premium,0,17,0
807,0.0762338656405374,não contatar,Econômico,0,35,0
793,0.07615420156668556,não contatar,Econômico,0,24,0
11010,0.07591611079720488,não contatar,Econômico,0,75,0
10398,0.0757979061680337,não contatar,Econômico,0,82,0
1020,0.07549615047221113,não contatar,Premium,1,70,0
6292,0.07544904214421436,não contatar,Premium,1,60,1
5267,0.07538733940235727,não contatar,Econômico,0,43,0
1773,0.07534768053284449,não contatar,Econômico,0,38,0
3112,0.07530690648849417,não contatar,Econômico,0,2,0
2404,0.07522542760072891,não contatar,Intermediário,0,4,0
125,0.07513354594790632,não contatar,Intermediário,1,65,0
182,0.0750148187396916,não contatar,Intermediário,0,62,0
4088,0.07485146739179141,não contatar,Econômico,0,22,0
944,0.07460580816617862,não contatar,Intermediário,0,6,0
455,0.07460324826336616,não contatar,Intermediário,0,86,0
5991,0.07459666378808505,não contatar,Intermediário,0,24,0
5929,0.0745889888516448,não contatar,Econômico,0,14,0
10983,0.07449975302131252,não contatar,Premium,0,17,0
5623,0.07448704439836587,não contatar,Econômico,1,95,0
87,0.07448484051846391,não contatar,Econômico,0,16,0
850,0.07433853906179996,não contatar,Premium,0,4,0
4149,0.07414025369859899,não contatar,Premium,0,57,0
8720,0.07406540795894008,não contatar,Premium,1,53,0
4864,0.0737915243795017,não contatar,Econômico,0,68,0
6721,0.07366441064891792,não contatar,Intermediário,0,21,0
5837,0.07365683465625479,não contatar,Intermediário,0,67,0
1419,0.07353636407387311,não contatar,Econômico,0,11,0
2631,0.0735251112439746,não contatar,Premium,0,29,0
10936,0.07340088302165884,não contatar,Premium,0,79,0
1740,0.07329257339185989,não contatar,Intermediário,1,22,0
3491,0.07325914281788302,não contatar,Premium,0,32,0
1993,0.07322782356764306,não contatar,Intermediário,1,63,0
2134,0.07320276326781205,não contatar,Intermediário,0,94,0
6497,0.07311535235505218,não contatar,Intermediário,0,32,0
1404,0.07307897113511988,não contatar,Econômico,0,89,0
304,0.07266641062926786,não contatar,Econômico,0,67,0
7002,0.07258447827795438,não contatar,Intermediário,0,13,0
4093,0.07241074149707205,não contatar,Intermediário,0,61,0
2909,0.07177173030681559,não contatar,Premium,2,89,0
1964,0.07078294553733634,não contatar,Premium,0,66,0
1453,0.07070267971079282,não contatar,Premium,0,59,0
6055,0.07046658806097036,não contatar,Premium,1,94,0
1379,0.07036194527841862,não contatar,Intermediário,0,12,0
4002,0.07033132003369269,não contatar,Premium,0,3,0
591,0.07021464169653828,não contatar,Intermediário,0,76,0
10855,0.07007526915473068,não contatar,Intermediário,0,9,0
2877,0.06952830000797369,não contatar,Intermediário,0,21,0
1581,0.06947998705137426,não contatar,Econômico,0,18,1
10652,0.06879012558089982,não contatar,Premium,0,48,0
6262,0.06871824051677544,não contatar,Premium,0,93,0
453,0.06869902292939076,não contatar,Econômico,0,1,0
6168,0.06861489411586603,não contatar,Econômico,0,28,0
164,0.06851920629608149,não contatar,Intermediário,0,59,0
5221,0.06850262164805644,não contatar,Intermediário,1,93,0
2937,0.06846345183976624,não contatar,Intermediário,0,47,0
3503,0.06828583394040115,não contatar,Premium,0,78,0
7297,0.06780908576783606,não contatar,Econômico,0,54,0
10084,0.06773835144863183,não contatar,Econômico,0,9,0
524,0.06716423809717152,não contatar,Econômico,0,47,0
7393,0.06646823497441992,não contatar,Econômico,0,15,0
5015,0.06644306847250694,não contatar,Econômico,0,94,0
2525,0.06634477694646726,não contatar,Intermediário,0,65,1
6974,0.06622916445475471,não contatar,Premium,0,89,0
8104,0.06603095263417795,não contatar,Intermediário,0,32,0
3665,0.06594108059889096,não contatar,Econômico,0,46,0
4338,0.0657568567026454,não contatar,Econômico,1,28,0
1970,0.06567029864247387,não contatar,Econômico,0,14,0
7143,0.0656176593132843,não contatar,Premium,0,14,0
4240,0.06534150145024803,não contatar,Econômico,0,79,0
241,0.06531863762361598,não contatar,Premium,1,57,0
10420,0.06522543103503485,não contatar,Intermediário,0,56,0
2261,0.06520892431391981,não contatar,Econômico,0,5,0
7007,0.06503137487522154,não contatar,Econômico,0,47,0
8594,0.06501011514165929,não contatar,Intermediário,0,25,0
273,0.0648183926919823,não contatar,Econômico,1,48,0
2499,0.06476227169781842,não contatar,Premium,0,38,0
9653,0.06468926700891219,não contatar,Econômico,0,16,0
10595,0.06435226605765951,não contatar,Econômico,0,19,0
6428,0.06402305696892176,não contatar,Premium,0,37,0
10832,0.06337616010245455,não contatar,Intermediário,0,4,0
5883,0.06329302859151112,não contatar,Premium,0,78,0
4741,0.06325903427374843,não contatar,Intermediário,1,17,0
4712,0.06311601502162395,não contatar,Econômico,0,18,0
2612,0.0630935409041115,não contatar,Premium,1,33,0
4470,0.0627500175813284,não contatar,Intermediário,0,3,0
5123,0.06250313451789205,não contatar,Econômico,0,57,0
6343,0.062481176190982125,não contatar,Premium,1,6,0
2156,0.06218304190868866,não contatar,Econômico,0,38,0
3153,0.06182055481148675,não contatar,Econômico,0,24,0
8700,0.06155888297462665,não contatar,Econômico,0,86,0
3336,0.06130022846190728,não contatar,Intermediário,1,96,0
2541,0.061229493538541555,não contatar,Econômico,0,7,0
1362,0.06087752544391527,não contatar,Econômico,0,75,0
9710,0.0608717920050028,não contatar,Intermediário,0,80,0
3834,0.06014441214226394,não contatar,Premium,0,35,0
3033,0.06009912574185139,não contatar,Premium,0,56,0
1399,0.05975409236238759,não contatar,Premium,1,52,0
2975,0.05931423142763335,não contatar,Premium,1,89,0
2853,0.05927362086036155,não contatar,Intermediário,0,74,0
3745,0.05919842986943171,não contatar,Econômico,0,92,0
8624,0.05916356624082566,não contatar,Premium,0,61,0
641,0.0590091340100514,não contatar,Intermediário,1,77,0
9400,0.05886426544567354,não contatar,Premium,0,73,0
1065,0.058794061402114704,não contatar,Premium,0,85,0
1044,0.05876873283568883,não contatar,Premium,0,44,0
3158,0.058606128676282586,não contatar,Econômico,0,1,0
1272,0.05856417906254348,não contatar,Intermediário,0,49,0
5782,0.058434108034731126,não contatar,Intermediário,1,15,0
10479,0.058416497257379706,não contatar,Premium,0,64,0
7712,0.05818390577062099,não contatar,Premium,0,68,0
10590,0.0581344307011329,não contatar,Premium,0,91,0
10841,0.05810014058143868,não contatar,Intermediário,0,46,0
7620,0.057739586472500624,não contatar,Econômico,0,71,0
3855,0.05773026090282576,não contatar,Econômico,0,74,0
10790,0.05729758587664578,não contatar,Econômico,0,40,0
3066,0.05714396314389645,não contatar,Intermediário,0,2,0
7873,0.0571340353452328,não contatar,Intermediário,0,30,0
7966,0.056979046951747936,não contatar,Premium,0,48,0
2920,0.056800632130977045,não contatar,Intermediário,0,63,0
6214,0.05674932911142733,não contatar,Econômico,0,53,0
4066,0.056414094751789545,não contatar,Econômico,0,76,0
1458,0.056202187056342376,não contatar,Econômico,0,40,0
2532,0.056152465116324254,não contatar,Premium,1,95,0
10129,0.05612179447290923,não contatar,Premium,1,35,0
2139,0.055989107799264595,não contatar,Econômico,0,19,0
9860,0.05593509035652879,não contatar,Intermediário,0,11,0
9530,0.055751821059689156,não contatar,Econômico,0,16,0
2181,0.0553722533087395,não contatar,Premium,0,45,0
8690,0.055326451048037475,não contatar,Premium,0,73,0
2677,0.05517219203082933,não contatar,Econômico,0,11,0
7422,0.055091945224483706,não contatar,Intermediário,0,90,0
5125,0.05508457284535571,não contatar,Premium,0,64,0
5642,0.05473194919115974,não contatar,Intermediário,0,0,0
10660,0.05462504915779705,não contatar,Intermediário,1,61,0
437,0.054551290443686826,não contatar,Premium,0,41,0
9212,0.05424358689430601,não contatar,Intermediário,0,17,0
1052,0.05411232135781585,não contatar,Premium,0,24,0
1764,0.05405550430205632,não contatar,Econômico,0,92,0
7851,0.05386562464703935,não contatar,Premium,0,60,0
3594,0.053659787079656504,não contatar,Intermediário,0,74,0
9507,0.05352169483583563,não contatar,Intermediário,0,18,0
5407,0.05310415692755701,não contatar,Intermediário,1,70,0
8932,0.05310043964521651,não contatar,Intermediário,0,57,0
5966,0.05291687929669886,não contatar,Intermediário,1,64,0
7725,0.052839379026743474,não contatar,Premium,0,33,0
4998,0.05268373717961833,não contatar,Premium,1,85,0
1715,0.05264383494148034,não contatar,Econômico,0,45,0
9286,0.05247460225614783,não contatar,Premium,0,93,0
5959,0.05218479321762419,não contatar,Econômico,0,80,0
10313,0.05184983612717727,não contatar,Econômico,0,69,0
4127,0.05159110830170416,não contatar,Premium,1,97,1
10377,0.051381213647123225,não contatar,Intermediário,0,37,0
1915,0.051302826278655275,não contatar,Premium,0,57,0
6340,0.051289763318033,não contatar,Econômico,0,52,0
8858,0.05107422889638534,não contatar,Intermediário,1,69,0
4653,0.05100078899749697,não contatar,Econômico,0,46,0
3075,0.05082869370578089,não contatar,Premium,0,47,0
5300,0.050625749149198485,não contatar,Econômico,0,60,0
9597,0.05060579910620118,não contatar,Premium,0,10,0
10241,0.05056511493635305,não contatar,Econômico,0,16,0
11056,0.050516610707084075,não contatar,Premium,0,18,0
7275,0.05040451272827271,não contatar,Econômico,0,34,0
6365,0.05017673140786436,não contatar,Econômico,0,5,0
4322,0.05000428490640831,não contatar,Premium,0,20,0
7828,0.04978403086193811,não contatar,Premium,0,29,0
49,0.04958269552843424,não contatar,Econômico,0,39,0
7488,0.04934675803884947,não contatar,Premium,0,30,0
1968,0.049008107039650875,não contatar,Econômico,0,37,0
10914,0.04889493309766087,não contatar,Econômico,0,3,0
2245,0.04879465479970893,não contatar,Econômico,0,50,0
3068,0.04866886612094684,não contatar,Econômico,0,1,0
1612,0.04857560040995905,não contatar,Econômico,0,82,0
9362,0.04857496475069696,não contatar,Intermediário,1,14,0
837,0.04852286810083315,não contatar,Econômico,0,0,1
5150,0.04841772777183505,não contatar,Econômico,0,64,0
1734,0.04839366707402703,não contatar,Econômico,0,37,0
7034,0.048300333224195455,não contatar,Econômico,0,34,0
8726,0.04829114486016422,não contatar,Econômico,0,57,0
3286,0.04816612183567466,não contatar,Econômico,0,71,0
10380,0.04816235316383752,não contatar,Econômico,0,50,0
3967,0.04770261748320883,não contatar,Premium,0,19,0
1225,0.04767311950378308,não contatar,Premium,1,47,0
3276,0.04729521436380839,não contatar,Econômico,0,53,0
6312,0.04701984275711537,não contatar,Intermediário,0,29,0
9135,0.046744307317208786,não contatar,Econômico,0,92,0
8852,0.04669394112690465,não contatar,Intermediário,0,80,0
6637,0.046571674543480705,não contatar,Premium,0,46,0
10821,0.046557667517753296,não contatar,Intermediário,0,45,0
6406,0.04634130053123385,não contatar,Premium,0,13,0
9706,0.04619580268729234,não contatar,Econômico,0,98,0
6357,0.04617781978789036,não contatar,Intermediário,0,29,0
8650,0.04609003195350259,não contatar,Econômico,0,31,0
4290,0.0457011067647398,não contatar,Econômico,0,8,0
7214,0.04541796815664693,não contatar,Premium,0,49,0
5272,0.04536291488501293,não contatar,Intermediário,0,64,0
9743,0.045340449526968224,não contatar,Premium,1,85,0
313,0.04522447354149365,não contatar,Premium,1,98,0
3628,0.04495475844747682,não contatar,Econômico,0,93,0
7124,0.04486253196543952,não contatar,Econômico,0,72,0
9738,0.044693337068613906,não contatar,Econômico,0,43,0
2711,0.04435339623807153,não contatar,Econômico,0,6,0
10552,0.0442841182002275,não contatar,Intermediário,0,18,0
5429,0.0439980976792967,não contatar,Intermediário,0,10,0
22,0.04385224312261686,não contatar,Intermediário,0,99,0
10432,0.04382565252511539,não contatar,Econômico,0,26,0
10032,0.043698035667426166,não contatar,Econômico,0,86,0
1777,0.04366877382273381,não contatar,Econômico,0,29,0
5252,0.043574617363956146,não contatar,Econômico,0,80,0
2656,0.043527024512493434,não contatar,Econômico,0,63,0
8557,0.04343827156696943,não contatar,Econômico,0,57,0
6036,0.04341222608905456,não contatar,Premium,1,78,0
6295,0.043255439809564936,não contatar,Intermediário,0,46,0
5294,0.0428195870793707,não contatar,Econômico,0,49,0
1745,0.04267802077065328,não contatar,Premium,0,88,1
2607,0.042650515409055414,não contatar,Intermediário,0,78,0
2174,0.04257507778048572,não contatar,Econômico,0,38,0
8527,0.042504109735839735,não contatar,Intermediário,0,37,0
8275,0.04211741546578738,não contatar,Econômico,0,6,0
1177,0.04199962058314654,não contatar,Econômico,0,77,0
6977,0.041983816409525906,não contatar,Premium,1,87,0
940,0.04194582433611018,não contatar,Intermediário,0,9,0
1940,0.04184581679911263,não contatar,Econômico,0,26,0
6461,0.04176904910443018,não contatar,Premium,1,74,0
6404,0.04162958344334194,não contatar,Intermediário,0,10,0
6983,0.04161652680169854,não contatar,Econômico,0,24,0
5181,0.041454437085798754,não contatar,Econômico,0,58,0
4501,0.04139263118055022,não contatar,Premium,0,94,0
4654,0.041392399110402926,não contatar,Premium,0,40,0
10837,0.04139095606934496,não contatar,Econômico,0,47,1
6257,0.04137420644177778,não contatar,Intermediário,0,81,0
9725,0.04125261753751984,não contatar,Econômico,1,16,0
3767,0.041207917820751935,não contatar,Premium,0,1,0
7485,0.041207033752833064,não contatar,Econômico,0,48,0
339,0.04119169598190768,não contatar,Intermediário,1,82,1
7186,0.04118487228271435,não contatar,Econômico,1,43,0
9289,0.04110709899978039,não contatar,Econômico,0,16,1
9303,0.04093229763734539,não contatar,Econômico,0,12,0
4406,0.04089143107135754,não contatar,Intermediário,0,29,0
1029,0.040884350434936226,não contatar,Intermediário,0,27,0
1064,0.04086113441654384,não contatar,Econômico,0,18,0
1545,0.04069234461309788,não contatar,Econômico,0,95,0
663,0.04043978810168411,não contatar,Econômico,0,46,0
1343,0.040301859510220896,não contatar,Intermediário,0,55,0
10091,0.040296501268176486,não contatar,Intermediário,0,78,0
5172,0.04026424744638411,não contatar,Intermediário,0,4,1
3535,0.040155051898702845,não contatar,Premium,0,68,0
4138,0.0400207496219646,não contatar,Premium,1,68,0
4808,0.03987854393288008,não contatar,Econômico,0,12,0
7375,0.039860696990248946,não contatar,Intermediário,0,84,0
10862,0.03978160207055227,não contatar,Intermediário,0,6,0
6941,0.039712417148455775,não contatar,Econômico,0,92,0
10711,0.03957752609623064,não contatar,Premium,0,23,0
9596,0.03950942325052042,não contatar,Premium,0,19,0
143,0.039481432415502137,não contatar,Premium,0,73,0
5185,0.03930720105230888,não contatar,Premium,0,83,0
2569,0.03916748647588093,não contatar,Econômico,0,38,0
10965,0.039041705959003636,não contatar,Premium,1,72,0
5954,0.03897213136617257,não contatar,Econômico,0,92,0
1628,0.03893387804195073,não contatar,Premium,0,54,0
6963,0.038796156264904465,não contatar,Premium,1,85,0
4042,0.03862040120049065,não contatar,Econômico,0,87,1
6376,0.03858273164082636,não contatar,Intermediário,0,83,0
1461,0.03852831685834139,não contatar,Econômico,0,74,0
1513,0.03845397781469664,não contatar,Intermediário,0,72,0
10424,0.038378261756310365,não contatar,Premium,0,60,0
6119,0.038323186469354,não contatar,Econômico,0,52,0
9850,0.03831870184821047,não contatar,Econômico,0,32,0
5140,0.03831661343180868,não contatar,Intermediário,0,66,0
9635,0.038221308733278454,não contatar,Econômico,0,13,0
1818,0.037541052193426266,não contatar,Econômico,0,23,0
7055,0.03733922365843102,não contatar,Intermediário,0,57,0
5303,0.03729316576327486,não contatar,Premium,0,42,0
3081,0.037156473962816544,não contatar,Econômico,0,65,0
9422,0.036918730697415414,não contatar,Econômico,0,26,0
702,0.036864593712257546,não contatar,Intermediário,0,80,0
3916,0.03681194705797458,não contatar,Intermediário,0,92,0
10708,0.036715723250998984,não contatar,Econômico,0,50,0
9699,0.03656444470550922,não contatar,Intermediário,0,12,0
332,0.036502113302594875,não contatar,Intermediário,1,56,0
1987,0.036230310519051186,não contatar,Econômico,0,34,0
967,0.035849254261389164,não contatar,Intermediário,0,11,1
123,0.03578114756805476,não contatar,Premium,0,92,0
10364,0.03567703465245961,não contatar,Econômico,0,72,0
3799,0.03567141597233611,não contatar,Intermediário,0,4,0
2447,0.035622218104336065,não contatar,Econômico,0,71,0
6634,0.03560594281085086,não contatar,Econômico,0,78,0
635,0.03551808392361522,não contatar,Intermediário,0,51,0
1072,0.03544601063207823,não contatar,Econômico,0,64,0
4887,0.035379119695874525,não contatar,Econômico,0,65,0
898,0.03530539559768384,não contatar,Econômico,0,39,0
3421,0.03513395618157074,não contatar,Intermediário,0,64,0
5025,0.03503825983599638,não contatar,Econômico,0,32,0
466,0.03499707421150168,não contatar,Premium,0,9,0
10704,0.0349822149623124,não contatar,Intermediário,0,65,0
1109,0.03490732986009988,não contatar,Econômico,0,38,0
8180,0.03488577098209715,não contatar,Intermediário,0,53,0
1839,0.03487884486810514,não contatar,Econômico,0,25,0
946,0.03487287175924118,não contatar,Econômico,0,92,0
10548,0.03481907298428166,não contatar,Premium,0,30,0
7960,0.034800141839543594,não contatar,Premium,1,89,0
8416,0.0345580339777398,não contatar,Econômico,0,19,0
6250,0.034502918617204476,não contatar,Intermediário,0,62,1
3839,0.03450099450642975,não contatar,Econômico,0,76,0
3712,0.03441192403385606,não contatar,Intermediário,1,63,0
6445,0.03437380357933563,não contatar,Premium,0,73,0
1321,0.03437201946699553,não contatar,Econômico,0,49,0
7600,0.034271332675516526,não contatar,Econômico,0,13,0
2681,0.034259536035572066,não contatar,Premium,0,1,0
10250,0.034190187570278814,não contatar,Econômico,0,49,0
9449,0.03414062089038896,não contatar,Intermediário,0,32,0
7930,0.03403943235777053,não contatar,Econômico,0,74,0
7072,0.03403807746817455,não contatar,Premium,0,69,0
2036,0.03396552628239238,não contatar,Intermediário,0,29,0
988,0.03394706506387319,não contatar,Premium,1,84,0
1349,0.033912462214206206,não contatar,Intermediário,0,4,0
8132,0.03380081993204511,não contatar,Intermediário,1,88,0
7037,0.033681473483490494,não contatar,Intermediário,0,50,0
2815,0.03341978515557703,não contatar,Econômico,0,46,0
10882,0.03338303294248206,não contatar,Intermediário,0,50,0
8418,0.03333548116423825,não contatar,Econômico,0,60,0
5491,0.033260069503217554,não contatar,Intermediário,0,70,0
9974,0.03292661832022002,não contatar,Econômico,0,75,0
10151,0.032834090716152634,não contatar,Premium,0,38,0
10582,0.03264828498240759,não contatar,Premium,0,3,0
2350,0.03229404673513783,não contatar,Intermediário,1,87,0
3439,0.03226473428711861,não contatar,Intermediário,0,64,0
7881,0.03222484728919249,não contatar,Premium,0,21,0
6263,0.032157899481522784,não contatar,Econômico,0,34,0
9349,0.03207991383750298,não contatar,Premium,2,84,0
5866,0.032034182039239543,não contatar,Econômico,0,39,0
3759,0.032031619770610864,não contatar,Intermediário,1,34,0
6887,0.03176353704259359,não contatar,Intermediário,0,33,0
1030,0.03175866008477869,não contatar,Econômico,0,72,0
7679,0.031643044710091814,não contatar,Econômico,0,48,0
4609,0.03150497286252317,não contatar,Intermediário,0,14,0
10175,0.031278750118397834,não contatar,Econômico,0,0,0
4838,0.031238597355963606,não contatar,Econômico,0,40,0
6958,0.03115949217919096,não contatar,Econômico,0,42,0
3732,0.031147152474446337,não contatar,Premium,0,72,0
503,0.03113955485337695,não contatar,Econômico,0,88,0
6203,0.030951159509427915,não contatar,Premium,0,58,0
6116,0.030782441277532012,não contatar,Econômico,0,13,0
10061,0.0307284711037742,não contatar,Intermediário,0,29,0
1744,0.0306255071662856,não contatar,Econômico,0,67,0
5043,0.03039342413342943,não contatar,Econômico,0,89,0
1184,0.030365662869786664,não contatar,Intermediário,0,46,0
8686,0.03025538430249066,não contatar,Econômico,0,65,0
2534,0.030212316207275235,não contatar,Econômico,0,4,0
577,0.030195331420239085,não contatar,Econômico,0,10,0
1143,0.030183455693339422,não contatar,Econômico,0,43,0
1232,0.030142370779236198,não contatar,Premium,0,54,0
5396,0.030141759547498582,não contatar,Premium,0,48,0
5290,0.03014095919058486,não contatar,Intermediário,0,51,0
6215,0.030073224019764016,não contatar,Econômico,0,24,1
5975,0.0300266310853748,não contatar,Econômico,0,82,0
7505,0.029998999226835223,não contatar,Econômico,0,24,0
4472,0.02998839055318004,não contatar,Econômico,0,34,0
7264,0.029941865795939864,não contatar,Econômico,0,2,0
5631,0.029901974781594887,não contatar,Premium,0,92,0
6437,0.02980911598557103,não contatar,Econômico,0,80,0
5154,0.029694677571931737,não contatar,Econômico,0,54,0
10196,0.0295917732603617,não contatar,Intermediário,0,26,0
4047,0.029449930601881686,não contatar,Intermediário,0,0,0
977,0.02930879645838034,não contatar,Intermediário,0,10,0
544,0.029292333847581536,não contatar,Premium,0,51,0
5156,0.0292667176326075,não contatar,Premium,0,13,0
6864,0.02917135107363163,não contatar,Econômico,0,34,0
3599,0.029103608759534872,não contatar,Premium,0,61,0
7428,0.0289954847211778,não contatar,Premium,0,47,0
1600,0.028985423628062244,não contatar,Intermediário,0,60,0
7446,0.02887023282782731,não contatar,Intermediário,0,16,0
10779,0.02866155564796797,não contatar,Econômico,0,16,0
7631,0.028641039780384514,não contatar,Premium,0,34,0
5286,0.028624010037175712,não contatar,Intermediário,0,68,0
3969,0.028596468076431847,não contatar,Econômico,0,46,0
4477,0.028552231259169114,não contatar,Premium,0,4,0
3673,0.028499137936615498,não contatar,Premium,0,59,0
839,0.028407942372719663,não contatar,Intermediário,0,54,0
7532,0.02838209244592484,não contatar,Econômico,0,26,0
10691,0.02833142397132161,não contatar,Econômico,0,55,0
3102,0.028272423685449244,não contatar,Econômico,0,32,0
1491,0.028138948297983357,não contatar,Premium,0,87,0
236,0.028137971221817625,não contatar,Econômico,0,62,0
4640,0.02800773755179182,não contatar,Premium,0,65,0
7533,0.027961623899156834,não contatar,Intermediário,0,15,0
7235,0.02786927100811893,não contatar,Econômico,0,37,0
8397,0.02779995647890421,não contatar,Econômico,1,82,0
2620,0.027777376307272957,não contatar,Econômico,0,48,1
851,0.027775894521758528,não contatar,Intermediário,0,48,0
8985,0.027732383734965747,não contatar,Premium,0,54,0
6347,0.02769553521723004,não contatar,Econômico,0,26,0
454,0.027628187721635895,não contatar,Intermediário,0,48,0
7972,0.027589140667561074,não contatar,Premium,0,79,0
9491,0.02756023024755837,não contatar,Econômico,0,68,0
232,0.02746184386408581,não contatar,Intermediário,0,8,0
1463,0.027430446001346077,não contatar,Econômico,0,9,0
8939,0.027411358460259237,não contatar,Intermediário,0,49,0
7419,0.0273497647460276,não contatar,Econômico,0,90,0
5684,0.027275954995483437,não contatar,Econômico,0,25,0
8477,0.027274416533123097,não contatar,Econômico,0,61,0
3170,0.027215716187355566,não contatar,Premium,0,86,0
8148,0.027168039434093,não contatar,Intermediário,0,88,0
5796,0.027128456778682808,não contatar,Premium,1,70,0
7254,0.027053016411294827,não contatar,Econômico,0,74,0
9736,0.026971974185387722,não contatar,Econômico,0,51,0
9284,0.026938064696935014,não contatar,Intermediário,0,21,0
7998,0.02690979886920809,não contatar,Econômico,0,77,0
7408,0.026866412297738923,não contatar,Intermediário,0,8,0
6303,0.02681820961387548,não contatar,Premium,0,72,0
498,0.02674473345081117,não contatar,Econômico,0,28,0
7628,0.026682125667691754,não contatar,Econômico,0,10,0
798,0.02664476911833862,não contatar,Econômico,0,71,0
9206,0.026636915405111223,não contatar,Premium,1,36,0
5710,0.026624513515755864,não contatar,Intermediário,1,31,0
2836,0.02660552690566772,não contatar,Econômico,0,61,0
8420,0.026513736021356028,não contatar,Econômico,0,27,0
4508,0.026493193143042708,não contatar,Premium,0,92,0
2625,0.026354282579498085,não contatar,Intermediário,0,30,0
2315,0.026320514449553606,não contatar,Econômico,0,55,0
3428,0.026248328896286123,não contatar,Premium,0,56,0
10870,0.026143677546230305,não contatar,Intermediário,0,46,0
2952,0.026131923060668565,não contatar,Econômico,0,80,0
3056,0.026129861137972436,não contatar,Premium,0,63,0
4399,0.026119854897376494,não contatar,Premium,0,3,0
7617,0.02606690655277503,não contatar,Econômico,0,83,0
2995,0.02599971496851372,não contatar,Premium,0,64,0
1729,0.02593173443243129,não contatar,Intermediário,0,14,0
10219,0.025905528464893978,não contatar,Econômico,0,40,0
10675,0.025897091243163594,não contatar,Intermediário,0,82,1
4086,0.025853978012306565,não contatar,Econômico,0,77,0
13,0.025827595683238558,não contatar,Econômico,0,57,0
2666,0.025805199201709993,não contatar,Premium,1,21,0
7397,0.025733553023067818,não contatar,Intermediário,0,45,0
8140,0.025616310060863783,não contatar,Econômico,0,51,0
2276,0.025610682818690028,não contatar,Premium,0,71,0
762,0.025420295730350283,não contatar,Premium,0,27,0
6961,0.02539350114011254,não contatar,Econômico,0,26,0
2698,0.02529484597361072,não contatar,Intermediário,0,52,0
8204,0.025279786674714984,não contatar,Premium,0,93,0
11088,0.025241216192873523,não contatar,Premium,0,83,0
8754,0.025143044859842305,não contatar,Econômico,0,25,0
4381,0.025115647609272873,não contatar,Econômico,0,56,0
1100,0.025075825278134393,não contatar,Econômico,0,33,0
9499,0.024642614052044074,não contatar,Intermediário,2,97,0
10486,0.024640975000679053,não contatar,Premium,0,54,0
2125,0.024616970488493015,não contatar,Premium,0,82,0
10262,0.02458867448973851,não contatar,Econômico,0,96,0
7352,0.024568472797809614,não contatar,Intermediário,0,28,0
2730,0.024529810998560414,não contatar,Premium,0,64,0
286,0.024519451301645755,não contatar,Econômico,0,48,0
3578,0.024509692869272796,não contatar,Intermediário,0,29,0
78,0.02443419898624812,não contatar,Econômico,0,51,0
8925,0.024418744564899144,não contatar,Premium,0,38,0
10992,0.02432164825574671,não contatar,Intermediário,0,77,0
7514,0.0242550808341724,não contatar,Econômico,0,74,0
1606,0.02424573686981036,não contatar,Econômico,0,65,0
3233,0.024055102888939042,não contatar,Premium,0,89,0
10556,0.024023703050104574,não contatar,Intermediário,1,51,0
11100,0.02399863098432626,não contatar,Econômico,0,37,0
2740,0.023968980077723502,não contatar,Econômico,0,81,0
3749,0.02379074310849477,não contatar,Premium,0,54,0
2371,0.023751378096658247,não contatar,Econômico,0,22,0
5751,0.023744668019959406,não contatar,Econômico,0,54,0
8969,0.02371280622502122,não contatar,Premium,0,59,0
8286,0.023710333942642242,não contatar,Intermediário,1,55,0
3412,0.02368193931169311,não contatar,Intermediário,1,67,0
5336,0.023645970906655312,não contatar,Premium,0,37,0
9977,0.023489403252041324,não contatar,Premium,0,99,0
4128,0.023297524842341048,não contatar,Intermediário,0,51,0
2157,0.02328645124918961,não contatar,Econômico,0,49,0
5237,0.02326524276229435,não contatar,Econômico,0,79,0
4669,0.023256520576213902,não contatar,Econômico,0,46,0
3697,0.023186808443677792,não contatar,Econômico,0,20,0
359,0.02314164574535107,não contatar,Intermediário,0,33,0
736,0.02303055879275745,não contatar,Econômico,0,67,0
254,0.022976446202455435,não contatar,Intermediário,1,4,0
378,0.022951733084735783,não contatar,Premium,0,68,0
1409,0.022923604460227974,não contatar,Intermediário,0,69,0
4687,0.022917042715106823,não contatar,Premium,0,92,0
7250,0.022764263594591983,não contatar,Intermediário,0,48,0
10858,0.022727799221981374,não contatar,Intermediário,0,38,0
4860,0.022715054151944938,não contatar,Econômico,0,66,0
640,0.02269031807295112,não contatar,Premium,0,61,0
8235,0.022627928295215288,não contatar,Premium,0,8,0
8080,0.022621793392687314,não contatar,Econômico,0,50,0
5394,0.022613942632478328,não contatar,Econômico,0,42,0
528,0.022551948220224653,não contatar,Premium,0,99,0
9029,0.022476233358060066,não contatar,Premium,0,73,0
5147,0.022422250863095065,não contatar,Premium,0,57,0
10146,0.022358463461007002,não contatar,Econômico,0,17,0
5299,0.022259898694618946,não contatar,Intermediário,0,43,0
4690,0.022241514040187843,não contatar,Intermediário,0,45,0
8082,0.022199966372970347,não contatar,Econômico,0,75,1
2727,0.022190985880646778,não contatar,Premium,0,19,0
9336,0.022067716857824167,não contatar,Intermediário,0,38,0
10738,0.021943887645683814,não contatar,Econômico,0,55,0
4837,0.021826109634192313,não contatar,Premium,0,57,0
10286,0.02180421502273242,não contatar,Premium,0,2,0
1160,0.02180026364448574,não contatar,Econômico,0,48,0
2669,0.021758374536318254,não contatar,Premium,0,66,0
7990,0.02168488635566761,não contatar,Econômico,0,2,0
1000,0.02165820852033429,não contatar,Intermediário,0,48,0
9153,0.021591777833241857,não contatar,Premium,0,81,0
3298,0.021494097666259666,não contatar,Intermediário,0,92,0
2782,0.02147670025984095,não contatar,Intermediário,0,23,0
2437,0.02147352784648773,não contatar,Premium,2,69,0
9904,0.02139694051720752,não contatar,Premium,0,50,0
5967,0.021346119038157845,não contatar,Econômico,0,60,0
5827,0.0210788711895605,não contatar,Econômico,0,53,0
3386,0.020974407786797416,não contatar,Econômico,0,71,0
3570,0.02093662742661955,não contatar,Intermediário,0,64,0
8402,0.020863575704902243,não contatar,Premium,0,40,0
6200,0.020859668453038344,não contatar,Premium,0,50,0
3136,0.020436046343244297,não contatar,Intermediário,0,88,0
9120,0.020350704781202128,não contatar,Intermediário,0,80,0
8159,0.020302084090895765,não contatar,Intermediário,0,10,0
5393,0.02028947604611523,não contatar,Econômico,0,64,0
2410,0.02022161659919236,não contatar,Premium,0,69,0
7369,0.020167643118838598,não contatar,Econômico,0,56,0
8135,0.02013184408137767,não contatar,Econômico,0,41,0
6663,0.019883815169790417,não contatar,Intermediário,0,96,0
5324,0.019844004000559363,não contatar,Intermediário,0,94,0
1183,0.019804646785584155,não contatar,Econômico,0,11,0
10640,0.01972096636396433,não contatar,Econômico,0,71,0
3726,0.019582505147289923,não contatar,Econômico,0,66,0
6652,0.01952909942414366,não contatar,Premium,0,28,0
3434,0.019527592012555935,não contatar,Premium,0,60,0
10319,0.01951646743440769,não contatar,Intermediário,1,56,0
10469,0.019468179622003666,não contatar,Premium,0,42,0
5602,0.01933348472104458,não contatar,Premium,0,98,0
5543,0.019317821154130003,não contatar,Intermediário,1,49,0
3389,0.01929752976524752,não contatar,Premium,0,61,0
961,0.019260944397873233,não contatar,Premium,0,92,0
2254,0.019234813382565535,não contatar,Premium,0,95,0
8523,0.01921296560700482,não contatar,Econômico,0,39,0
8625,0.01918279072927091,não contatar,Econômico,0,70,0
8147,0.019151542596790652,não contatar,Econômico,0,40,0
7718,0.01914635456623972,não contatar,Premium,0,36,0
6398,0.01910241495930583,não contatar,Econômico,0,2,0
3643,0.01908132831935079,não contatar,Premium,1,65,0
4037,0.0190694966196021,não contatar,Econômico,0,77,0
1307,0.0190506913559487,não contatar,Econômico,0,15,0
2173,0.01896122037470237,não contatar,Econômico,0,23,0
2861,0.018956633749700677,não contatar,Econômico,0,79,0
1880,0.018826518103003072,não contatar,Intermediário,0,17,0
1994,0.01876276123453629,não contatar,Econômico,0,11,0
7761,0.018761376954522402,não contatar,Econômico,0,71,0
2066,0.018678032250150328,não contatar,Econômico,0,56,0
8945,0.018646777774521978,não contatar,Intermediário,0,46,0
4769,0.018572016939659472,não contatar,Intermediário,1,52,0
3032,0.01844121068080245,não contatar,Econômico,0,97,0
4743,0.018427352766617756,não contatar,Intermediário,0,72,0
2457,0.01841518575361215,não contatar,Econômico,0,23,0
7286,0.01835685257075117,não contatar,Econômico,0,92,0
7300,0.018338833163761153,não contatar,Intermediário,1,50,0
2166,0.01833586145097757,não contatar,Econômico,0,55,0
4437,0.018302432920651406,não contatar,Intermediário,0,65,0
2516,0.018225894190837703,não contatar,Econômico,0,84,0
10699,0.018165258186002682,não contatar,Econômico,0,30,0
5346,0.01814830887651097,não contatar,Econômico,0,87,0
178,0.01809848191771056,não contatar,Intermediário,0,40,0
5068,0.018096230095345424,não contatar,Econômico,0,75,0
4832,0.018075539554524896,não contatar,Econômico,0,84,0
10613,0.018056572488456935,não contatar,Econômico,0,44,0
6059,0.018053676158056243,não contatar,Intermediário,0,81,1
89,0.018006564659938294,não contatar,Econômico,0,49,0
3321,0.017986820983782896,não contatar,Intermediário,0,42,0
4961,0.017984686824424025,não contatar,Econômico,0,56,0
5074,0.017932190765969785,não contatar,Econômico,0,10,0
2589,0.01792031614189384,não contatar,Econômico,0,65,0
5184,0.0178354439777123,não contatar,Econômico,0,65,0
7128,0.01781227932983351,não contatar,Econômico,0,91,0
4791,0.017670343967933325,não contatar,Econômico,0,35,0
7822,0.017645814973360815,não contatar,Premium,0,56,0
5253,0.01763285415482454,não contatar,Intermediário,0,85,0
10390,0.017487034668883523,não contatar,Econômico,0,27,0
3194,0.01748690955434696,não contatar,Premium,0,86,0
3267,0.017473816818357114,não contatar,Intermediário,1,27,0
1584,0.017372750540233663,não contatar,Intermediário,0,79,0
10311,0.017288713683628477,não contatar,Premium,0,0,0
9799,0.01726050499456527,não contatar,Intermediário,0,57,0
6218,0.01715676298246151,não contatar,Intermediário,1,74,0
9592,0.017137816421122908,não contatar,Econômico,0,51,0
6950,0.01712654818600921,não contatar,Econômico,0,25,0
9862,0.0171105118197376,não contatar,Econômico,0,37,0
5790,0.01710722442284092,não contatar,Econômico,0,62,0
3254,0.017069342050115094,não contatar,Premium,0,65,0
11007,0.01697911183253857,não contatar,Econômico,0,43,0
5186,0.016912432911671414,não contatar,Intermediário,1,59,0
6521,0.01688327072662634,não contatar,Premium,0,18,0
8783,0.016816497982047693,não contatar,Intermediário,0,40,0
6678,0.016750082905426105,não contatar,Econômico,0,5,0
4141,0.016722998336999292,não contatar,Premium,0,26,0
10099,0.01672221408718255,não contatar,Premium,0,21,0
5010,0.016665355919198786,não contatar,Econômico,0,72,0
11114,0.016663822918760056,não contatar,Econômico,0,94,0
7281,0.016636152011291185,não contatar,Premium,0,80,0
4442,0.016576834457456766,não contatar,Econômico,0,70,0
7861,0.016564873975626407,não contatar,Intermediário,0,23,0
0,0.01650295376607702,não contatar,Premium,0,66,0
8093,0.016476377681479058,não contatar,Premium,1,72,0
9949,0.016467150672114517,não contatar,Intermediário,0,36,0
1517,0.016409747644135976,não contatar,Econômico,0,92,0
11004,0.01639691260034882,não contatar,Econômico,0,23,0
4444,0.016386800714604285,não contatar,Econômico,0,28,0
2075,0.016290597837993616,não contatar,Premium,0,56,0
6103,0.01622853717227342,não contatar,Econômico,0,40,0
4107,0.016197378520712267,não contatar,Intermediário,0,52,0
2021,0.01613654288290236,não contatar,Premium,0,47,0
5283,0.01612591448467035,não contatar,Econômico,0,72,0
8786,0.016070474718198217,não contatar,Intermediário,0,52,0
3525,0.016068725064535043,não contatar,Econômico,0,19,0
1916,0.01606098910030155,não contatar,Intermediário,0,92,0
2863,0.015879654704972167,não contatar,Intermediário,2,67,0
17,0.015843979156633957,não contatar,Premium,0,81,0
701,0.015784817587195778,não contatar,Premium,1,58,0
9483,0.01577934900664486,não contatar,Intermediário,0,24,0
8933,0.01571778690091362,não contatar,Econômico,0,16,0
4603,0.015717563957544343,não contatar,Premium,0,50,0
10634,0.015684488563893765,não contatar,Premium,0,56,0
7444,0.01567748687255459,não contatar,Econômico,0,20,0
375,0.015657071466502897,não contatar,Premium,0,79,0
9780,0.015617782925466445,não contatar,Premium,0,12,0
2587,0.015571603776244294,não contatar,Econômico,0,21,0
4055,0.015456269907107547,não contatar,Econômico,0,41,0
8414,0.015424878035102004,não contatar,Econômico,0,76,0
3846,0.015410273027503418,não contatar,Intermediário,0,98,0
2591,0.015328219324199916,não contatar,Premium,0,49,0
8970,0.015327557204162998,não contatar,Intermediário,0,93,0
5909,0.015180522656104308,não contatar,Intermediário,0,25,0
8952,0.015150120731419345,não contatar,Premium,0,96,0
2004,0.015096695494723224,não contatar,Premium,0,65,0
368,0.015053040660145681,não contatar,Econômico,0,61,0
9081,0.015029379343637479,não contatar,Econômico,0,58,0
295,0.015007270860177752,não contatar,Premium,0,77,0
11086,0.014949419715787782,não contatar,Econômico,0,18,0
6694,0.01494466569633809,não contatar,Premium,0,27,0
3523,0.014905437498095104,não contatar,Premium,0,83,0
3426,0.014873205862513473,não contatar,Intermediário,0,89,0
8230,0.014873129867295488,não contatar,Econômico,0,28,0
5176,0.014846569578180665,não contatar,Econômico,1,88,0
450,0.014829222604963652,não contatar,Econômico,0,90,0
1176,0.014773458479677686,não contatar,Econômico,0,50,0
6872,0.01458537210758426,não contatar,Intermediário,0,43,0
3120,0.014572364286927675,não contatar,Econômico,0,49,0
5545,0.014446212034076806,não contatar,Premium,0,72,0
7646,0.014436558097221785,não contatar,Premium,0,70,0
9940,0.014428066340459237,não contatar,Premium,0,97,0
2918,0.014372778511870365,não contatar,Econômico,0,72,0
4345,0.014292220607135631,não contatar,Econômico,0,49,0
9451,0.014237812269830777,não contatar,Intermediário,0,92,0
153,0.01418135776439114,não contatar,Econômico,0,29,0
5589,0.014110156867273202,não contatar,Intermediário,0,95,0
3406,0.014057869740277906,não contatar,Intermediário,0,97,0
4915,0.013964715893339533,não contatar,Intermediário,0,86,0
6710,0.013913693841107775,não contatar,Intermediário,0,84,0
3972,0.013898728238200394,não contatar,Intermediário,0,70,0
486,0.013868086717959888,não contatar,Premium,0,27,0
1663,0.013789344825588707,não contatar,Econômico,0,97,0
5462,0.013763026594910832,não contatar,Premium,0,63,0
6310,0.01375733113617591,não contatar,Econômico,0,4,0
11039,0.013750082940772467,não contatar,Intermediário,0,51,0
1834,0.013743697125755683,não contatar,Econômico,0,77,0
10509,0.013738351320657313,não contatar,Econômico,0,46,0
6417,0.01372329707758243,não contatar,Premium,0,85,0
7829,0.013681425060823857,não contatar,Econômico,0,99,0
6885,0.013617532712103045,não contatar,Econômico,0,36,0
8036,0.013590269675985195,não contatar,Econômico,0,10,0
5263,0.013517559819308477,não contatar,Econômico,0,99,0
7187,0.013510785578137133,não contatar,Intermediário,0,52,0
5441,0.013479158706081976,não contatar,Intermediário,0,97,0
4988,0.013469506392279104,não contatar,Econômico,0,58,0
9481,0.013465528824859945,não contatar,Econômico,0,80,0
5748,0.0133551950501342,não contatar,Intermediário,0,96,1
6991,0.013280634468877395,não contatar,Intermediário,0,88,0
523,0.013263384597642503,não contatar,Econômico,0,51,0
7129,0.013250454754568713,não contatar,Intermediário,0,72,0
9467,0.013206698728127625,não contatar,Econômico,0,51,0
4954,0.013195537227960932,não contatar,Econômico,0,53,0
5234,0.013132071891873542,não contatar,Econômico,0,85,0
4094,0.013097192777081532,não contatar,Intermediário,0,92,0
9727,0.012981002377634155,não contatar,Econômico,0,13,0
5868,0.012966590737453626,não contatar,Econômico,0,49,0
819,0.012863572736356067,não contatar,Premium,0,84,0
7959,0.012861890808980984,não contatar,Premium,0,19,0
2258,0.012817537088189437,não contatar,Econômico,0,76,0
5847,0.0127910588737313,não contatar,Premium,0,95,0
9485,0.012756506344288784,não contatar,Intermediário,0,23,0
2416,0.012745412670465523,não contatar,Premium,0,83,0
2008,0.012705636359850905,não contatar,Premium,1,93,0
3798,0.012686588429497169,não contatar,Econômico,0,80,0
7019,0.01265650521707846,não contatar,Intermediário,0,49,0
1324,0.012635169876800434,não contatar,Econômico,0,93,0
3007,0.01258469702186053,não contatar,Econômico,0,49,0
2495,0.012500856149470201,não contatar,Premium,0,24,0
4148,0.012443355331127254,não contatar,Econômico,0,90,0
6516,0.012420701810387926,não contatar,Econômico,0,37,0
3717,0.012206043409560864,não contatar,Premium,1,70,0
4339,0.012121844940374823,não contatar,Premium,0,37,0
2415,0.012115045760955083,não contatar,Intermediário,1,99,0
2963,0.012097361607587283,não contatar,Premium,0,56,0
2431,0.012064515894119585,não contatar,Econômico,0,70,0
3623,0.012013387943652415,não contatar,Econômico,0,55,0
5423,0.012012256031402305,não contatar,Econômico,0,35,0
4098,0.012011764470914135,não contatar,Econômico,0,3,0
9265,0.012011651422064666,não contatar,Intermediário,0,74,0
1630,0.011999184393250083,não contatar,Intermediário,0,56,0
5731,0.011984290006367953,não contatar,Econômico,0,64,0
8566,0.011928252439979591,não contatar,Econômico,0,10,0
1927,0.011895636134750585,não contatar,Intermediário,0,41,0
4328,0.0118772853341034,não contatar,Econômico,0,81,0
7106,0.011872530056309382,não contatar,Premium,0,73,0
8955,0.011862639064045994,não contatar,Econômico,1,54,0
5493,0.011847438664962778,não contatar,Econômico,1,21,0
9624,0.011805795167519376,não contatar,Premium,0,46,0
3265,0.011796144397688352,não contatar,Econômico,0,36,0
3828,0.011741268100770624,não contatar,Premium,0,61,0
6682,0.011713705812192896,não contatar,Econômico,0,41,0
2724,0.011677679939088324,não contatar,Econômico,0,33,0
6182,0.011656266219792374,não contatar,Econômico,0,26,0
326,0.011654145494735932,não contatar,Intermediário,0,38,0
10928,0.01160730151057748,não contatar,Intermediário,0,28,0
9559,0.011602859000536129,não contatar,Intermediário,1,79,0
1016,0.011504293917744152,não contatar,Econômico,0,43,0
3896,0.011496410861283387,não contatar,Econômico,0,3,0
4518,0.011492350106411784,não contatar,Premium,0,59,0
2445,0.011348618828672706,não contatar,Econômico,0,87,0
2939,0.011342604600391316,não contatar,Premium,0,96,0
1490,0.011270736167754387,não contatar,Intermediário,0,84,0
2456,0.011183352951785535,não contatar,Econômico,0,84,0
10142,0.01105968911560325,não contatar,Intermediário,0,99,0
10796,0.01103545989776382,não contatar,Econômico,0,16,0
11013,0.011018968651760119,não contatar,Premium,0,84,0
2797,0.01099181275617536,não contatar,Premium,0,34,0
3769,0.01097170037639216,não contatar,Econômico,0,17,0
895,0.010952120477115433,não contatar,Intermediário,0,69,0
11178,0.010862799143602279,não contatar,Econômico,0,69,0
8162,0.010819943764638342,não contatar,Econômico,0,88,0
1158,0.010757772480972394,não contatar,Intermediário,0,27,0
10381,0.010734516888159252,não contatar,Econômico,0,43,0
6201,0.010713018128514296,não contatar,Econômico,0,45,0
10476,0.010677251069743338,não contatar,Intermediário,0,0,0
4329,0.010645238526234968,não contatar,Econômico,0,43,0
2878,0.010643419146666383,não contatar,Intermediário,0,93,0
3551,0.010569977265340914,não contatar,Intermediário,0,28,0
11030,0.010549595778301566,não contatar,Econômico,1,90,0
10856,0.010436810942255858,não contatar,Econômico,0,42,0
8931,0.010375189111685442,não contatar,Premium,1,82,0
4440,0.010374200374555656,não contatar,Intermediário,1,93,0
11166,0.010352409487705657,não contatar,Intermediário,0,81,0
9617,0.010345963263296329,não contatar,Econômico,0,37,0
6969,0.010265308740090403,não contatar,Intermediário,0,75,0
4927,0.01025130631707194,não contatar,Econômico,0,76,0
4333,0.010181545959560102,não contatar,Econômico,1,76,0
10127,0.010094274356865302,não contatar,Intermediário,0,21,0
10203,0.010049988403494014,não contatar,Econômico,0,77,0
4259,0.010026404153657454,não contatar,Econômico,0,80,0
1833,0.009952487361397745,não contatar,Econômico,0,91,0
425,0.009878427700481085,não contatar,Intermediário,0,66,0
1951,0.00987748562771174,não contatar,Intermediário,0,92,0
9500,0.009858896566848779,não contatar,Intermediário,0,66,0
9973,0.009822139041052582,não contatar,Intermediário,0,28,0
2471,0.009818484242724256,não contatar,Premium,0,39,0
4597,0.009804883832903752,não contatar,Premium,0,67,0
10403,0.00978701350813702,não contatar,Econômico,0,43,0
3050,0.009750493746081619,não contatar,Intermediário,0,13,0
274,0.009749072364844777,não contatar,Econômico,0,75,0
176,0.00970440124937864,não contatar,Intermediário,0,73,0
10560,0.00967601687958575,não contatar,Econômico,0,23,0
11176,0.009659839140637356,não contatar,Intermediário,0,12,0
3076,0.009645013871487442,não contatar,Intermediário,0,18,0
954,0.009614353495105608,não contatar,Econômico,0,77,0
6568,0.009558560411837232,não contatar,Econômico,0,97,0
3281,0.009529932166495865,não contatar,Intermediário,0,69,0
5081,0.009511885990089161,não contatar,Econômico,0,54,0
10598,0.009457329695198571,não contatar,Econômico,0,89,0
849,0.009433401896722437,não contatar,Intermediário,0,65,0
213,0.009398144348490001,não contatar,Econômico,0,98,0
843,0.009328060288425179,não contatar,Intermediário,0,47,0
1250,0.009327097069426218,não contatar,Econômico,0,82,0
4990,0.009320219549882141,não contatar,Intermediário,0,90,0
5180,0.009315560296033967,não contatar,Intermediário,0,56,0
8534,0.009310089108848316,não contatar,Intermediário,1,51,0
5832,0.009278565188043484,não contatar,Premium,0,32,0
8387,0.009248258639865559,não contatar,Intermediário,0,68,0
8789,0.009190850321825539,não contatar,Econômico,0,77,0
7005,0.009188156754167287,não contatar,Premium,1,71,0
3011,0.009184138199119103,não contatar,Intermediário,0,23,0
11075,0.009165680566576708,não contatar,Intermediário,0,37,0
8442,0.009157297269820447,não contatar,Econômico,0,63,0
10242,0.00914610896376174,não contatar,Econômico,0,39,0
1357,0.009137585570786824,não contatar,Intermediário,0,90,0
10401,0.009137387148073333,não contatar,Econômico,0,12,0
5841,0.00900582859284867,não contatar,Intermediário,0,61,0
9970,0.008990434305194557,não contatar,Intermediário,0,3,0
5802,0.008967444235024474,não contatar,Econômico,0,40,0
10277,0.00890540996413429,não contatar,Econômico,0,27,0
7755,0.008890309207639157,não contatar,Intermediário,0,91,0
8461,0.008790229680016113,não contatar,Econômico,0,3,0
8605,0.008770759910206549,não contatar,Econômico,0,36,0
1676,0.008688469936212887,não contatar,Intermediário,0,30,0
8310,0.008680956856582548,não contatar,Intermediário,0,96,0
10341,0.008676469836394116,não contatar,Premium,0,45,0
4298,0.008664617924231866,não contatar,Econômico,0,63,0
9645,0.00861422916769206,não contatar,Premium,0,98,0
3006,0.00859665287563775,não contatar,Econômico,0,83,0
10812,0.008573919753405273,não contatar,Econômico,0,89,0
113,0.008568380312346666,não contatar,Econômico,0,33,0
6211,0.008556587711638716,não contatar,Econômico,0,47,0
5012,0.008521349361727704,não contatar,Econômico,0,56,0
10609,0.008517049132217899,não contatar,Intermediário,0,15,0
9097,0.008470666117933182,não contatar,Intermediário,0,34,0
520,0.008452246913285931,não contatar,Econômico,0,81,0
4220,0.008375338204355596,não contatar,Intermediário,0,26,0
3641,0.008341701609233863,não contatar,Econômico,0,93,0
6466,0.0082496802374122,não contatar,Intermediário,0,22,0
626,0.008215039531753367,não contatar,Econômico,0,28,0
6870,0.008139626701338271,não contatar,Intermediário,0,73,0
9214,0.008120159978872577,não contatar,Intermediário,0,48,0
4676,0.008065834203700028,não contatar,Premium,0,86,0
1802,0.008062331946962247,não contatar,Premium,0,23,0
5455,0.008057994699253094,não contatar,Econômico,0,89,0
2118,0.00798521894825701,não contatar,Intermediário,0,68,0
3602,0.007972470205877467,não contatar,Intermediário,0,42,0
9423,0.00795661076752795,não contatar,Econômico,0,49,0
2811,0.007949389516512789,não contatar,Econômico,0,21,0
1371,0.007916806728340619,não contatar,Premium,0,72,0
6142,0.007836181036377374,não contatar,Premium,0,65,0
3807,0.007829869146298764,não contatar,Intermediário,0,83,0
4587,0.007774299961471555,não contatar,Intermediário,0,90,0
3197,0.007758401994662237,não contatar,Premium,0,38,0
5077,0.007744680321196079,não contatar,Premium,0,46,0
9829,0.007657289937148383,não contatar,Econômico,0,42,0
8375,0.00762862495694967,não contatar,Intermediário,0,63,0
4478,0.007611164441806542,não contatar,Intermediário,0,87,0
5329,0.007604673661766662,não contatar,Econômico,0,24,0
2493,0.007591565898927771,não contatar,Intermediário,0,34,0
5596,0.007571467059463373,não contatar,Intermediário,0,44,0
6383,0.007571223289580836,não contatar,Econômico,0,78,0
10686,0.007558481854066409,não contatar,Econômico,0,72,0
8405,0.0075543120626806876,não contatar,Intermediário,0,83,0
3129,0.0075523839191260714,não contatar,Econômico,0,30,0
2683,0.007546850905183057,não contatar,Intermediário,0,56,0
4227,0.007525221581971097,não contatar,Econômico,0,78,0
221,0.00748151691639663,não contatar,Intermediário,0,90,0
2230,0.007404921023650058,não contatar,Econômico,0,84,0
713,0.007363592761496257,não contatar,Premium,0,72,0
4964,0.007355566475234029,não contatar,Premium,0,90,0
8212,0.007330363516873264,não contatar,Econômico,0,89,0
9240,0.007318306219631694,não contatar,Intermediário,0,73,0
1890,0.007283621866689224,não contatar,Econômico,0,95,0
456,0.0072696896391231695,não contatar,Econômico,0,96,0
11148,0.007265879380638898,não contatar,Econômico,0,85,0
1876,0.007256893448826797,não contatar,Econômico,0,15,0
8629,0.007227961687928086,não contatar,Econômico,0,71,0
5633,0.007155375993877433,não contatar,Econômico,0,47,0
692,0.007087821414248047,não contatar,Econômico,0,88,0
1920,0.007086284901035578,não contatar,Econômico,0,59,0
7284,0.007065664418055538,não contatar,Econômico,0,8,0
4790,0.007045175981257573,não contatar,Premium,0,54,0
6658,0.007044904859219952,não contatar,Intermediário,0,37,0
4279,0.0070048573487616825,não contatar,Econômico,0,87,0
5046,0.006971117451648526,não contatar,Premium,0,97,0
6460,0.00696026163122158,não contatar,Econômico,0,78,0
6001,0.006916061563632639,não contatar,Premium,0,62,0
8687,0.006865193362729637,não contatar,Intermediário,0,54,0
8659,0.006804609364549553,não contatar,Premium,0,50,0
9381,0.006776451905932321,não contatar,Intermediário,0,57,0
8977,0.006744078796595959,não contatar,Econômico,0,51,0
8430,0.006730994540327546,não contatar,Econômico,0,4,0
5250,0.006697953712970979,não contatar,Premium,1,75,1
9960,0.006692036346965592,não contatar,Econômico,0,52,0
8602,0.006646931898349298,não contatar,Premium,0,97,0
4786,0.006616939611127456,não contatar,Intermediário,0,94,0
3635,0.0065726529610629384,não contatar,Intermediário,0,69,0
3559,0.006498808897158384,não contatar,Econômico,0,77,0
1991,0.006437120231743499,não contatar,Intermediário,0,0,0
5961,0.006423282361223817,não contatar,Econômico,0,29,0
9988,0.006417754919441722,não contatar,Intermediário,0,84,0
2262,0.006407791505242112,não contatar,Intermediário,0,74,0
3083,0.0063857841699085415,não contatar,Intermediário,0,88,0
4184,0.0063600584070517205,não contatar,Intermediário,0,48,0
5939,0.006340352496111236,não contatar,Econômico,0,84,0
257,0.006324966056434832,não contatar,Premium,0,74,0
387,0.006311121941949775,não contatar,Econômico,0,59,0
2453,0.006300053696716051,não contatar,Intermediário,0,83,0
4198,0.006261952184333591,não contatar,Econômico,0,6,0
9316,0.0062546027854532265,não contatar,Econômico,0,29,0
3536,0.006207529759149674,não contatar,Econômico,0,65,0
9119,0.006199739419848009,não contatar,Intermediário,0,27,0
6245,0.0061991166007558125,não contatar,Intermediário,0,71,0
6289,0.00619028455706354,não contatar,Intermediário,0,85,0
9971,0.006181331665534419,não contatar,Premium,0,22,0
7943,0.006134234370895995,não contatar,Econômico,0,40,0
1646,0.006128007351568589,não contatar,Econômico,0,36,0
2544,0.006021276380805052,não contatar,Intermediário,0,68,0
4405,0.005958355569885722,não contatar,Intermediário,0,2,0
8614,0.005937606767167105,não contatar,Premium,0,29,0
10925,0.005921666317115049,não contatar,Premium,0,93,0
10584,0.005826907877792607,não contatar,Premium,0,77,0
5313,0.005817832014041345,não contatar,Econômico,0,20,0
6768,0.0057963668219450605,não contatar,Econômico,0,75,0
5177,0.005722438654077207,não contatar,Intermediário,0,56,0
2895,0.005701811438942153,não contatar,Intermediário,0,79,0
538,0.0056932245083245875,não contatar,Econômico,0,78,0
2162,0.005690594968842862,não contatar,Intermediário,0,19,0
10669,0.005644073620730472,não contatar,Intermediário,0,8,0
7270,0.0055656417769629155,não contatar,Intermediário,1,91,0
6327,0.005540592535000399,não contatar,Premium,0,87,0
2061,0.005539047698989356,não contatar,Intermediário,1,61,0
8953,0.00553656391606681,não contatar,Econômico,0,94,0
4297,0.005469122998020092,não contatar,Econômico,0,71,0
2958,0.005410260144142757,não contatar,Econômico,0,53,0
1542,0.0053960355218070945,não contatar,Intermediário,0,26,0
6424,0.005375985004079141,não contatar,Econômico,0,9,0
7411,0.005368430311827344,não contatar,Econômico,0,31,0
5062,0.005306126629486165,não contatar,Econômico,0,71,0
3696,0.0052900526022563775,não contatar,Econômico,0,67,0
8962,0.005278293422888126,não contatar,Econômico,0,18,0
2292,0.00526258063928572,não contatar,Econômico,0,94,0
6271,0.005255702360069726,não contatar,Intermediário,0,13,0
6730,0.005210033093879534,não contatar,Econômico,0,92,0
451,0.005209386423283036,não contatar,Econômico,0,91,0
2686,0.005159252695919813,não contatar,Econômico,0,49,0
2549,0.005150026300686192,não contatar,Econômico,0,80,0
550,0.005138385603590538,não contatar,Premium,0,87,0
5922,0.005107686528197411,não contatar,Intermediário,0,48,0
2461,0.005079511531280953,não contatar,Econômico,0,79,0
10350,0.004972960026487026,não contatar,Econômico,0,37,0
1640,0.004961742816896594,não contatar,Intermediário,0,49,0
5138,0.004947452198393894,não contatar,Econômico,0,68,0
5029,0.004920693769043289,não contatar,Econômico,0,14,0
5824,0.004861659404739265,não contatar,Econômico,0,1,0
2948,0.004860925034495308,não contatar,Intermediário,0,76,0
7574,0.004815516763774758,não contatar,Econômico,0,80,0
716,0.004791216072196595,não contatar,Premium,0,63,0
10022,0.004786091007173693,não contatar,Econômico,0,78,0
907,0.0047625908031066425,não contatar,Intermediário,0,36,0
10379,0.004751926260113731,não contatar,Intermediário,0,87,0
5287,0.004699039198678298,não contatar,Econômico,0,77,0
2661,0.004693185822682058,não contatar,Econômico,0,95,0
9672,0.004681492740192898,não contatar,Econômico,0,82,0
902,0.004631160770867192,não contatar,Intermediário,0,74,0
10475,0.004610774040242294,não contatar,Intermediário,0,39,0
5079,0.0045346704928164085,não contatar,Econômico,0,82,0
10157,0.004519040990608512,não contatar,Intermediário,0,78,0
3283,0.0044986939795121795,não contatar,Premium,0,57,0
5863,0.004479680114339029,não contatar,Intermediário,0,95,0
3856,0.0044575444822633125,não contatar,Premium,0,78,0
10067,0.004376114214947325,não contatar,Econômico,0,79,0
2613,0.004356693345015035,não contatar,Intermediário,0,16,0
10710,0.004312596951553794,não contatar,Econômico,0,61,0
2546,0.004303663302068414,não contatar,Econômico,0,7,0
9167,0.004301767157643319,não contatar,Intermediário,0,72,0
5654,0.004269763047012222,não contatar,Econômico,0,34,0
3152,0.004262656904435486,não contatar,Econômico,0,84,0
24,0.004247855428877999,não contatar,Econômico,0,96,0
4785,0.004246132295450596,não contatar,Intermediário,0,3,0
945,0.0042419514275262304,não contatar,Econômico,0,53,0
4370,0.004214585760688791,não contatar,Econômico,0,83,0
10637,0.004195083217916825,não contatar,Econômico,0,77,0
11074,0.004120783558154083,não contatar,Premium,0,94,0
4084,0.004100524044905261,não contatar,Premium,0,41,0
4050,0.004092946793908055,não contatar,Econômico,0,65,0
5512,0.0040742982790635245,não contatar,Intermediário,0,19,0
10785,0.004057246559367443,não contatar,Econômico,0,17,0
1328,0.0040392887489652685,não contatar,Premium,0,56,0
6336,0.0040305576006103155,não contatar,Econômico,0,55,0
2406,0.004009410862473684,não contatar,Intermediário,0,63,0
3790,0.003997341959190326,não contatar,Econômico,0,31,0
8008,0.003989050601886506,não contatar,Econômico,0,54,0
10951,0.003941669768142262,não contatar,Intermediário,1,20,0
2005,0.003934993618036085,não contatar,Econômico,0,86,0
1921,0.003928144342247841,não contatar,Econômico,0,74,0
10770,0.003926255849571165,não contatar,Premium,0,73,0
4179,0.003921241794844019,não contatar,Econômico,0,94,0
8749,0.0038707346511913663,não contatar,Econômico,0,68,0
7437,0.003847295326294906,não contatar,Econômico,0,31,0
6515,0.003824088988737418,não contatar,Econômico,0,92,0
1515,0.00382045352755721,não contatar,Econômico,0,9,0
9937,0.0038195456593672445,não contatar,Premium,0,75,0
4480,0.0038139284608447186,não contatar,Intermediário,0,61,0
9235,0.0037962512384115896,não contatar,Econômico,0,45,0
8079,0.003751797687066419,não contatar,Econômico,0,86,0
4547,0.003740488185088166,não contatar,Econômico,0,86,0
4368,0.0037211416297779623,não contatar,Econômico,0,72,0
9216,0.003696154902898567,não contatar,Econômico,0,34,0
833,0.003676509455125212,não contatar,Econômico,0,62,0
10623,0.0036552924784847584,não contatar,Econômico,0,2,0
3595,0.003627650550570274,não contatar,Premium,0,29,0
193,0.003599434124613665,não contatar,Econômico,1,81,0
8268,0.0035644146290947976,não contatar,Intermediário,0,23,0
7495,0.0035568588950963542,não contatar,Intermediário,0,72,0
4706,0.003550536048595606,não contatar,Econômico,0,65,0
5057,0.0035228421697026295,não contatar,Premium,0,74,0
9797,0.0035025917228281764,não contatar,Intermediário,0,38,0
2826,0.0035003501343780275,não contatar,Econômico,0,28,0
7325,0.003474939887674154,não contatar,Econômico,0,86,0
6255,0.003474783688352183,não contatar,Intermediário,0,29,0
3107,0.003472713284393901,não contatar,Premium,0,31,0
3783,0.0034530532080233453,não contatar,Intermediário,0,43,0
8182,0.0034493492509308442,não contatar,Econômico,0,91,0
3463,0.003449162643281679,não contatar,Intermediário,0,41,0
8737,0.003447971104950341,não contatar,Econômico,0,22,0
4548,0.0034173423201354436,não contatar,Econômico,0,66,0
3308,0.0033955914293656068,não contatar,Econômico,0,54,0
48,0.003356671075881795,não contatar,Intermediário,1,97,0
6616,0.003343291048894448,não contatar,Premium,0,47,0
9347,0.003334768821783769,não contatar,Econômico,0,49,0
1050,0.0033334925945769254,não contatar,Econômico,0,58,0
4390,0.003332479640297341,não contatar,Premium,0,14,0
7613,0.0033289466696639646,não contatar,Intermediário,0,97,0
7801,0.003317984745070764,não contatar,Intermediário,0,87,0
5692,0.0033156071351435924,não contatar,Econômico,0,82,0
7165,0.003309573090101765,não contatar,Intermediário,0,59,0
5389,0.0032540389504849185,não contatar,Intermediário,1,93,0
7629,0.003181350012360236,não contatar,Econômico,0,46,0
1503,0.0031694689572237984,não contatar,Intermediário,0,31,0
1878,0.0031675006857115025,não contatar,Econômico,0,83,0
10505,0.0031245198484382954,não contatar,Premium,0,86,0
8916,0.003111659587850029,não contatar,Econômico,0,78,0
6488,0.003110647963862269,não contatar,Intermediário,0,86,0
55,0.0030944248661177896,não contatar,Intermediário,0,83,0
6646,0.0030901546700233635,não contatar,Econômico,0,23,0
4877,0.0030116279297276276,não contatar,Econômico,0,2,0
10413,0.002980407172911477,não contatar,Premium,0,67,0
8562,0.002959209565484373,não contatar,Intermediário,0,72,0
361,0.00294345164808085,não contatar,Econômico,0,84,0
6742,0.002904928507794665,não contatar,Econômico,0,82,0
4725,0.00289585990569999,não contatar,Econômico,0,71,0
9166,0.002843971488377302,não contatar,Premium,0,57,0
7732,0.0028331871550400373,não contatar,Intermediário,0,81,0
5084,0.0028060985122379777,não contatar,Premium,0,87,0
7937,0.00279638687617415,não contatar,Econômico,0,86,0
11092,0.0027921717981537774,não contatar,Econômico,0,78,0
7426,0.00278377935217001,não contatar,Intermediário,0,76,0
891,0.0027640468366678995,não contatar,Econômico,0,60,0
9014,0.0027528055459719114,não contatar,Econômico,0,65,0
11096,0.0027401901385643067,não contatar,Intermediário,0,50,0
5680,0.0027232105361230862,não contatar,Econômico,0,66,0
5316,0.0026800231694022723,não contatar,Econômico,0,89,0
6722,0.002648013566324347,não contatar,Intermediário,0,98,0
1672,0.002623836201784954,não contatar,Intermediário,0,74,0
7327,0.0026197557832954846,não contatar,Econômico,0,71,0
4303,0.002616650025125148,não contatar,Econômico,0,76,0
6355,0.002609891137443539,não contatar,Econômico,0,19,0
606,0.002602752068771586,não contatar,Econômico,0,87,0
6866,0.0026017364495997597,não contatar,Econômico,0,56,0
2478,0.002601714587819006,não contatar,Econômico,0,48,0
4679,0.0025952950870533056,não contatar,Premium,0,42,0
20,0.002591741107177106,não contatar,Econômico,0,91,0
310,0.002573974227384315,não contatar,Intermediário,0,81,0
1655,0.00256831350123849,não contatar,Econômico,0,81,0
2736,0.0025497269097494836,não contatar,Premium,0,88,0
5734,0.002540859483938706,não contatar,Econômico,0,83,0
3231,0.0025082391806486586,não contatar,Econômico,0,97,0
1131,0.002484084509492194,não contatar,Intermediário,0,54,0
6534,0.002468482189064233,não contatar,Econômico,0,94,0
5577,0.0024629131856112665,não contatar,Econômico,0,77,0
6619,0.002456789406160884,não contatar,Econômico,0,91,0
8210,0.0024527292829873903,não contatar,Intermediário,0,64,0
1743,0.0024391412034253895,não contatar,Premium,0,99,0
4200,0.0024018901546180296,não contatar,Intermediário,0,85,0
3436,0.0023753004902492118,não contatar,Econômico,0,24,0
7791,0.0023571957573643794,não contatar,Econômico,0,89,0
6237,0.002342158029131825,não contatar,Intermediário,0,92,0
6528,0.00233309566674192,não contatar,Econômico,0,75,0
2295,0.0023318919583454967,não contatar,Premium,0,57,0
7409,0.0023314148721295443,não contatar,Intermediário,0,66,0
10323,0.0023303722579540685,não contatar,Intermediário,0,88,0
4937,0.002311709422378037,não contatar,Econômico,0,62,0
7244,0.0023062621014133112,não contatar,Econômico,0,96,0
3526,0.002290265593241835,não contatar,Econômico,0,58,0
8553,0.002281482535613193,não contatar,Econômico,0,65,0
10833,0.0022768303606361356,não contatar,Intermediário,1,55,0
2320,0.002245340977320316,não contatar,Intermediário,0,98,0
5987,0.002228166018237686,não contatar,Econômico,0,52,0
3850,0.002206562697989553,não contatar,Econômico,0,52,0
3515,0.0022051151892754396,não contatar,Intermediário,0,94,0
5610,0.002198674612671362,não contatar,Econômico,0,58,0
11110,0.0021980486473000826,não contatar,Econômico,0,56,0
11181,0.002166556520551058,não contatar,Premium,0,85,0
2936,0.002130725687069236,não contatar,Econômico,0,46,0
6457,0.00205898520817743,não contatar,Premium,0,77,0
803,0.002043111929067756,não contatar,Econômico,0,82,0
11051,0.0020257972677818325,não contatar,Intermediário,0,72,0
966,0.0020091216949600374,não contatar,Intermediário,1,98,0
832,0.002008468489721345,não contatar,Intermediário,0,90,0
8514,0.001985501404830451,não contatar,Econômico,0,59,0
3955,0.0019761223255992085,não contatar,Econômico,0,20,0
11031,0.0019736711039506265,não contatar,Econômico,0,90,0
916,0.0019689282971925913,não contatar,Econômico,0,67,0
6131,0.001955003329763105,não contatar,Intermediário,0,87,0
10104,0.0019321598680923971,não contatar,Econômico,0,65,0
5948,0.0019287834909248534,não contatar,Intermediário,0,96,0
8086,0.00192658003455759,não contatar,Econômico,0,34,0
800,0.0019093988572035504,não contatar,Econômico,0,57,0
3117,0.0019038457250670645,não contatar,Intermediário,0,95,0
5644,0.001843468668582331,não contatar,Intermediário,1,96,0
7192,0.0018360435161231745,não contatar,Premium,0,58,0
7987,0.0018282558281557174,não contatar,Intermediário,1,96,0
7196,0.0018184320341795661,não contatar,Econômico,0,20,0
9907,0.0018085007050099178,não contatar,Premium,0,80,0
2564,0.0017991630164082464,não contatar,Intermediário,0,87,0
5231,0.001791485333875549,não contatar,Econômico,0,15,0
4541,0.0017848926505598232,não contatar,Intermediário,0,84,0
8207,0.001768703332412387,não contatar,Econômico,0,18,0
10839,0.0017684513355846459,não contatar,Econômico,0,42,0
10339,0.0017618473596567232,não contatar,Intermediário,0,83,0
2304,0.0017564347042878833,não contatar,Intermediário,0,86,0
879,0.0017555538719785878,não contatar,Intermediário,0,66,0
3381,0.001746589906278097,não contatar,Intermediário,0,51,0
3722,0.001742491290839482,não contatar,Econômico,0,83,0
6679,0.001740820933097122,não contatar,Econômico,0,29,0
1142,0.0017255952327243304,não contatar,Intermediário,0,91,0
9283,0.0017198398026210566,não contatar,Econômico,0,49,0
5896,0.0017160152449944524,não contatar,Premium,0,94,0
255,0.0017094356216760906,não contatar,Econômico,0,31,0
10680,0.0016949209379743663,não contatar,Econômico,0,71,0
6862,0.0016893352530835688,não contatar,Econômico,0,65,0
2579,0.0016836530098982773,não contatar,Premium,0,95,0
2217,0.0016688484700910634,não contatar,Econômico,0,46,0
2712,0.0016490846998855814,não contatar,Premium,0,85,0
4682,0.0016421599614077052,não contatar,Premium,0,88,0
1958,0.0016187327343091713,não contatar,Intermediário,0,85,0
3598,0.0016011521546378295,não contatar,Intermediário,0,53,0
5223,0.0015885170606792294,não contatar,Econômico,0,80,0
10854,0.0015804990368101038,não contatar,Econômico,0,90,0
1448,0.001521663397500991,não contatar,Econômico,0,33,0
1523,0.0014994102144916751,não contatar,Intermediário,0,25,0
322,0.0014951545057165024,não contatar,Econômico,0,93,0
1386,0.0014538570992329103,não contatar,Econômico,0,0,0
8146,0.0014381167926312177,não contatar,Econômico,0,84,0
10678,0.0014290454333596115,não contatar,Intermediário,0,91,0
2563,0.001407024653785595,não contatar,Econômico,0,80,0
6825,0.001373424750176362,não contatar,Econômico,0,86,0
8017,0.001370220006951166,não contatar,Econômico,0,83,0
10402,0.0013493660619541014,não contatar,Econômico,0,94,0
2106,0.0013457621859179663,não contatar,Econômico,0,99,0
3900,0.0013281333747036804,não contatar,Intermediário,0,54,0
4754,0.0013218234227069469,não contatar,Econômico,0,91,0
6912,0.0013154675697861576,não contatar,Intermediário,0,60,0
1295,0.001306036375082835,não contatar,Premium,0,96,0
9291,0.0013053138242541226,não contatar,Econômico,0,25,0
5823,0.00130102050164125,não contatar,Econômico,0,63,0
246,0.0012749837011832937,não contatar,Intermediário,0,71,0
8439,0.0012657567419949104,não contatar,Intermediário,1,97,0
73,0.001263516435658837,não contatar,Econômico,0,81,0
8070,0.001260238259104776,não contatar,Intermediário,0,98,0
5247,0.0012510081115585424,não contatar,Econômico,0,52,0
5555,0.0012488980312829357,não contatar,Premium,0,81,0
5454,0.0012413445011110055,não contatar,Econômico,0,80,0
9140,0.0012168689841059164,não contatar,Econômico,0,89,0
11091,0.001199166634131655,não contatar,Econômico,0,68,0
5756,0.0011881680574766247,não contatar,Econômico,0,64,0
7698,0.0011715104211039453,não contatar,Intermediário,0,81,0
2256,0.00117005592284782,não contatar,Econômico,0,33,0
1055,0.001145175643123159,não contatar,Econômico,0,40,0
7683,0.0011398435231191506,não contatar,Intermediário,0,80,0
8541,0.0011343882514532452,não contatar,Econômico,0,98,0
4554,0.001124164200097041,não contatar,Intermediário,0,89,0
10500,0.0011089700241338665,não contatar,Econômico,0,96,0
10466,0.0010925484638277258,não contatar,Econômico,0,86,0
5562,0.0010644462293205063,não contatar,Intermediário,0,92,0
2375,0.0010512413875422746,não contatar,Econômico,0,75,0
9386,0.0010326502021691475,não contatar,Intermediário,1,88,0
1755,0.0010228845291372292,não contatar,Econômico,0,93,0
810,0.0010166979707757708,não contatar,Premium,0,49,0
5798,0.0010111319921075512,não contatar,Premium,0,87,0
7093,0.0009481584499532235,não contatar,Econômico,0,74,0
5229,0.0009360500902783961,não contatar,Econômico,0,81,0
7901,0.0009195976810281817,não contatar,Econômico,0,39,0
4268,0.0009133907655217493,não contatar,Intermediário,0,50,0
574,0.0009001199862960507,não contatar,Econômico,0,96,0
5723,0.0008618065373200843,não contatar,Intermediário,0,63,0
5268,0.0008164649845894054,não contatar,Econômico,0,95,0
7326,0.0008121322674200819,não contatar,Econômico,0,83,0
2902,0.0008083313839168873,não contatar,Econômico,0,87,0
2115,0.0008028789622110854,não contatar,Econômico,1,68,0
231,0.0007358996845740342,não contatar,Econômico,0,86,0
7788,0.0007300445109365657,não contatar,Econômico,0,53,0
8663,0.0007237986550900495,não contatar,Econômico,0,85,0
3830,0.0007068662641202533,não contatar,Intermediário,0,59,0
7232,0.0006943059935182025,não contatar,Econômico,0,99,0
9553,0.0006845507598571694,não contatar,Econômico,0,94,0
9523,0.0006795743055145232,não contatar,Econômico,0,95,0
7938,0.0006566223266454348,não contatar,Intermediário,0,92,0
1604,0.0006565524268695805,não contatar,Intermediário,0,93,0
194,0.0006455700555978641,não contatar,Econômico,0,55,0
2831,0.0006398812600979223,não contatar,Premium,0,99,0
2875,0.000637637581549982,não contatar,Premium,0,93,0
4550,0.000633692711280853,não contatar,Intermediário,0,51,0
6261,0.0006313307262594177,não contatar,Intermediário,0,81,0
6999,0.0006190919510824658,não contatar,Premium,0,80,0
4174,0.0005862735892793603,não contatar,Intermediário,0,81,0
3829,0.0005859104563470633,não contatar,Econômico,0,94,0
4252,0.0005646326676053491,não contatar,Intermediário,0,73,0
7181,0.0005465519328862317,não contatar,Econômico,0,97,0
10307,0.0005440870118556423,não contatar,Intermediário,0,91,0
1010,0.0005237255713167021,não contatar,Econômico,0,94,0
4796,0.0005228657266306987,não contatar,Econômico,0,71,0
2986,0.00043993974634210355,não contatar,Econômico,0,89,0
7540,0.00043629654100251706,não contatar,Intermediário,0,52,0
771,0.0004350530945188416,não contatar,Intermediário,0,79,0
9239,0.00040978106452296945,não contatar,Intermediário,0,94,0
9697,0.0003534834943589623,não contatar,Intermediário,0,86,0
9197,0.0003226007957319396,não contatar,Econômico,0,92,0
2694,0.00030720884639282654,não contatar,Econômico,0,44,0
2202,0.0002938547386156825,não contatar,Econômico,0,98,0
6382,0.00018137898802252902,não contatar,Econômico,0,97,0
7947,0.0001683491584143907,não contatar,Econômico,0,99,0
868,0.00015118524956381492,não contatar,Intermediário,0,99,0
10492,0.0001186018575799567,não contatar,Econômico,0,96,0
9931,0.00011346151197768265,não contatar,Econômico,0,29,0
